Workbook
Name AMALFIPOOL: 'AMALFI POOL'!$A$1
Name ARRIVAL: 'ARRIVAL (RECEPTION)'!$A$1
Name BOHL02: 'BOH L02'!$A$1
Name BOHL03: 'BOH L03'!$A$1
Name BOHL04: 'BOH L04'!$A$1
Name CAFEMAUDE: 'CAFE MAUDE'!$A$1
Name EMBERS: EMBERS!$A$1
Name FIFTH: '5th Floor'!$A$1
Name FUNICULAR: FUNICULAR!$A$1
Name GUESTROOM: 'Guest Room '!$A$1
Name KITCHEN: 'Kitchen and Storage'!$A$2
Name LEVELS: 'LEVEL 4, 5 & 6'!$A$1
Name MENU: MENU!$E$3
Name MICEAREA: 'MICE AREA'!$A$1
Name RECREATION: 'RECREATION DRIFT POOLBAR & GRIL'!$A$1
Name ROOMNOCLUSTERS: 'ROOM NO & CLUSTERS'!$A$1
Name SIXTH: '6th Floor'!$A$1
Name SPAFITNESS: 'SPA & Fitness'!$A$1
Name STANDALONE: 'Stand Alone Building '!$A$1

Sheet MENU
C3: TABLE OF CONTENT
C5: Zone | D5: Total Snag Raised | E5: Total Snag Open | F5: Total Snag Closed
C6: BOH L00 | D6: =BOHL00[[#Totals],[Column8]] -> 603 | E6: =BOHL00[[#Totals],[Column9]] -> 224 | F6: =BOHL00[[#Totals],[Column10]] -> 379
C7: BOH L01 | D7: =BOHL01[[#Totals],[Column8]] -> 4079 | E7: =BOHL01[[#Totals],[Column9]] -> 1614 | F7: =BOHL01[[#Totals],[Column10]] -> 2580
C8: BOH L02 | D8: =Table25[[#Totals],[Column8]] -> 0 | E8: =Table25[[#Totals],[Column9]] -> 0 | F8: =Table25[[#Totals],[Column10]] -> 0
C9: BOH L03 | D9: ='BOH L03'!K45 -> 0 | E9: ='BOH L03'!L45 -> 0 | F9: ='BOH L03'!M45 -> 0
C10: BOH L04 | D10: =Table27[[#Totals],[Column8]] -> 0 | E10: =Table27[[#Totals],[Column9]] -> 0 | F10: =Table27[[#Totals],[Column10]] -> 0
C11: 5th Floor | D11: ='5th Floor'!L71 -> 0 | E11: ='5th Floor'!M71 -> 0 | F11: ='5th Floor'!N71 -> 0
C12: 6th Floor | D12: ='6th Floor'!L28 -> 0 | E12: ='6th Floor'!M28 -> 0 | F12: ='6th Floor'!N28 -> 0
C13: LEVEL 4, 5 & 6 | D13: ='LEVEL 4, 5 & 6'!M22 -> 0 | E13: ='LEVEL 4, 5 & 6'!N22 -> 0 | F13: ='LEVEL 4, 5 & 6'!O22 -> 0
C14: CAFE MAUDE | D14: ='CAFE MAUDE'!M19 -> 0 | E14: ='CAFE MAUDE'!N19 -> 0 | F14: ='CAFE MAUDE'!O19 -> 0
C15: EMBERS
C16: AMALFI POOL
C17: RECREATION DRIFT POOLBAR & GRILL
C18: SPA & Fitness | D18: ='SPA & Fitness'!M88 -> 0 | E18: ='SPA & Fitness'!N88 -> 0 | F18: ='SPA & Fitness'!O88 -> 0
C19: MICE AREA | D19: ='MICE AREA'!M34 -> 0 | E19: ='MICE AREA'!N34 -> 0 | F19: ='MICE AREA'!O34 -> 0
C20: ARRIVAL (RECEPTION)
C21: FUNICULAR
C22: Stand Alone Building | D22: ='Stand Alone Building '!M141 -> 0 | E22: ='Stand Alone Building '!N141 -> 0 | F22: ='Stand Alone Building '!O141 -> 0
C23: Guest Room | D23: ='Guest Room '!J90 -> 17485 | E23: ='Guest Room '!K90 -> 7645 | F23: ='Guest Room '!L90 -> 9840
C24: ROOM NO & CLUSTERS
C25: Kitchen and Storage
D404: Stage 1a Completion of Operator Inspection (Pre FFE) | H404: Stage 1a Completion of Operator Inspection (Pre FFE)
H405: TOTAL | I405: =I406+I407 -> 382
H406: completed | I406: ='BOH L01'!P73 -> 201
D407: TOTAL | E407: =E408+E409 -> 77 | H407: pending | I407: ='BOH L01'!P74 -> 181
D408: completed | E408: ='BOH L00'!P55 -> 52
D409: pending | E409: ='BOH L00'!P56 -> 25
H410: Stage 1b Completion of De-Snagging and close out operator Comments/Deep Cleaning
D411: Stage 1b Completion of De-Snagging and close out operator Comments/Deep Cleaning | H411: TOTAL | I411: =I412+I413 -> 382
H412: completed | I412: ='BOH L01'!S73 -> 165
H413: pending | I413: ='BOH L01'!S74 -> 217
D414: TOTAL | E414: =E415+E416 -> 77
D415: completed | E415: ='BOH L00'!S55 -> 21
D416: pending | E416: ='BOH L00'!S56 -> 56

Sheet BOH MOUND
B2: MENU
B5: SNAGGED DATE | C5: SNAGGED BY | D5: ROOM NO. | E5: ROOM NAME | F5: Stage 1a Completion of Operator Inspection (Pre FFE) | G5: Stage 1b Completion of De-Snagging and close out operator Comments/Deep Cleaning | H5: Completion of FF&E installation | I5: Stage 2a Completion of Operator Inspection (Post FFE) | J5: Stage 2b Completion of De-Snagging /Sparkle Cleaning and handover | K5: Total Snag Raised | L5: Total Snag Open | M5: Total Snag Closed | N5: Stage 1a Completion of Operator Inspection (Pre FFE) | P5: Stage 1b Completion of De-Snagging and close out operator Comments/Deep Cleaning | S5: list
D6: Column1 | E6: Column2 | F6: Column3 | G6: Column4 | H6: Column5 | I6: Column6 | J6: Column7 | K6: Column8 | L6: Column9 | M6: Column10
D7: 00-001 | E7: CART PARKING AREA | F7: FALSE | G7: FALSE | H7: FALSE | I7: FALSE | J7: FALSE | L7: =K7-M7 -> 0 | S7: Arvind
D8: 00-001a | E8: CART PARKING AREA | F8: FALSE | G8: FALSE | H8: FALSE | I8: FALSE | J8: FALSE | L8: =K8-M8 -> 0 | N8: TOTAL | O8: =O9+O10 -> 77 | S8: Thayalaraj
B9: 46051 | C9: Thayalaraj | D9: 00-002 | E9: CLEAN LINEN & HOUSEKEEPING STORAGE | F9: TRUE | G9: TRUE | H9: FALSE | I9: FALSE | J9: FALSE | K9: 9 | L9: =K9-M9 -> 3 | M9: 6 | N9: completed | O9: =COUNTIFS(F7:F83,TRUE) -> 47 | P9: TOTAL | Q9: =Q10+Q11 -> 77 | S9: Abdulrahman
B10: 46051 | C10: Thayalaraj | D10: 00-003 | E10: MAIN CIRCULATION | F10: TRUE | G10: FALSE | H10: FALSE | I10: FALSE | J10: FALSE | K10: 3 | L10: =K10-M10 -> 0 | M10: 3 | N10: pending | O10: =COUNTIFS(F7:F83,FALSE) -> 30 | P10: completed | Q10: =COUNTIFS(G8:G84,TRUE) -> 21 | S10: Naseer
B11: 46051 | C11: Thayalaraj | D11: 00-004 | E11: HOUSEKEEPING & SERVICE PANTRY | F11: TRUE | G11: TRUE | H11: FALSE | I11: FALSE | J11: FALSE | K11: 13 | L11: =K11-M11 -> 7 | M11: 6 | P11: pending | Q11: =COUNTIFS(G8:G84,FALSE) -> 56 | S11: M.Adel
B12: 46051 | C12: Hafil | D12: 00-005 | E12: SERVICE CORRIDOR | F12: TRUE | G12: FALSE | H12: FALSE | I12: FALSE | J12: FALSE | K12: 5 | L12: =K12-M12 -> 3 | M12: 2 | S12: Tarik
B13: 46051 | C13: Thayalaraj | D13: 00-006 | E13: WASTE HOLDING | F13: TRUE | G13: TRUE | H13: FALSE | I13: FALSE | J13: FALSE | K13: 5 | L13: =K13-M13 -> 0 | M13: 5 | S13: Akram
B14: 46051 | C14: Hafil | D14: 00-007 | E14: W.C. | F14: TRUE | G14: FALSE | H14: FALSE | I14: FALSE | J14: FALSE | K14: 6 | L14: =K14-M14 -> 4 | M14: 2 | S14: Prasanna
B15: 46051 | C15: Hafil | D15: 00-008 | E15: DIRTY LINEN HOLDING | F15: TRUE | G15: FALSE | H15: FALSE | I15: FALSE | J15: FALSE | K15: 5 | L15: =K15-M15 -> 2 | M15: 3 | S15: Suresh
B16: 46051 | C16: Hafil | D16: 00-009 | E16: BUTLER REST AREA | F16: TRUE | G16: FALSE | H16: FALSE | I16: FALSE | J16: FALSE | K16: 1 | L16: =K16-M16 -> 0 | M16: 1 | S16: Mosab
D17: 00-010 | E17: HOTEL CIRCULATION | F17: FALSE | G17: FALSE | H17: FALSE | I17: FALSE | J17: FALSE | L17: =K17-M17 -> 0 | S17: Nawaf
D18: 00-011 | E18: GUEST LIFT LOBBY | F18: FALSE | G18: FALSE | H18: FALSE | I18: FALSE | J18: FALSE | L18: =K18-M18 -> 0 | S18: Hafil
D19: 00-012 | E19: HOTEL CIRCULATION | F19: FALSE | G19: FALSE | H19: FALSE | I19: FALSE | J19: FALSE | L19: =K19-M19 -> 0 | S19: Ibrar
D20: 00-013 | E20: GUEST STAIR - 03 | F20: FALSE | G20: FALSE | H20: FALSE | I20: FALSE | J20: FALSE | L20: =K20-M20 -> 0 | S20: Brigitta
B21: 46048 | C21: Tarik | D21: 00-014 | E21: CR ROOM | F21: TRUE | G21: FALSE | H21: FALSE | I21: FALSE | J21: FALSE | K21: 12 | L21: =K21-M21 -> 1 | M21: 11 | S21: Ahmed Abdelghany
B22: 46048 | C22: Tarik | D22: 00-015 | E22: ELECTRICAL ROOM | F22: TRUE | G22: FALSE | H22: FALSE | I22: FALSE | J22: FALSE | K22: 11 | L22: =K22-M22 -> 2 | M22: 9 | S22: Simon Gonsalves
B23: 46121 | C23: Hafil | D23: 00-016 | E23: MAIN CIRCULATION | F23: TRUE | G23: FALSE | H23: FALSE | I23: FALSE | J23: FALSE | K23: 4 | L23: =K23-M23 -> 4 | S23: Alvear Felipe
B24: 46121 | C24: Ibrar | D24: 00-017 | E24: SERVICE LIFT LOBBY | F24: TRUE | G24: FALSE | H24: FALSE | I24: FALSE | J24: FALSE | K24: 11 | L24: =K24-M24 -> 11
D25: 00-019 | E25: SERVICE STAIR - 01 | F25: FALSE | G25: FALSE | H25: FALSE | I25: FALSE | J25: FALSE | L25: =K25-M25 -> 0
B26: 46048 | C26: Ibrar | D26: 00-020 | E26: SERVICE CORRIDOR | F26: TRUE | G26: FALSE | H26: FALSE | I26: FALSE | J26: FALSE | K26: 4 | L26: =K26-M26 -> 4
B27: 46121 | C27: Ibrar | D27: 00-021 | E27: SERVICE CORRIDOR | F27: TRUE | G27: FALSE | H27: FALSE | I27: FALSE | J27: FALSE | K27: 12 | L27: =K27-M27 -> 12
D28: 00-023 | E28: CART PARKING AREA | F28: FALSE | G28: FALSE | H28: FALSE | I28: FALSE | J28: FALSE | L28: =K28-M28 -> 0
B29: 46121 | C29: Tarik | D29: 00-024 | E29: ELECTRICAL ROOM | F29: TRUE | G29: FALSE | H29: FALSE | I29: FALSE | J29: FALSE | K29: 23 | L29: =K29-M29 -> 23
B30: 46124 | C30: Ibrar | D30: 00-025 | E30: CR ROOM | F30: TRUE | G30: FALSE | H30: FALSE | I30: FALSE | J30: FALSE | K30: 13 | L30: =K30-M30 -> 13
D31: 00-027 | E31: CART PARKING AREA | F31: FALSE | G31: FALSE | H31: FALSE | I31: FALSE | J31: FALSE | L31: =K31-M31 -> 0
B32: 46051 | C32: HAFIL | D32: 00-028 | E32: MAIN CIRCULATION | F32: TRUE | G32: TRUE | H32: FALSE | I32: FALSE | J32: FALSE | K32: 6 | L32: =K32-M32 -> 0 | M32: 6
B33: 46026 | C33: Arvind | D33: 00-029 | E33: CLEAN LINEN & HOUSEKEEPING STORAGE | F33: TRUE | G33: TRUE | H33: FALSE | I33: FALSE | J33: FALSE | K33: 21 | L33: =K33-M33 -> 4 | M33: 17
B34: 46026 | C34: Arvind | D34: 00-030 | E34: HOUSEKEEPING & SERVICE PANTRY | F34: TRUE | G34: TRUE | H34: FALSE | I34: FALSE | J34: FALSE | K34: 36 | L34: =K34-M34 -> 9 | M34: 27
B35: 46048 | C35: Akram | D35: 00-031 | E35: SERVICE CORRIDOR | F35: TRUE | G35: TRUE | H35: FALSE | I35: FALSE | J35: FALSE | K35: 7 | L35: =K35-M35 -> 0 | M35: 7
B36: 46027 | C36: Tarik | D36: 00-032 | E36: Waste holding | F36: TRUE | G36: TRUE | H36: FALSE | I36: FALSE | J36: FALSE | K36: 16 | L36: =K36-M36 -> 0 | M36: 16
B37: 46026 | C37: Arvind | D37: 00-033 | E37: W.C. | F37: TRUE | G37: TRUE | H37: FALSE | I37: FALSE | J37: FALSE | K37: 12 | L37: =K37-M37 -> 1 | M37: 11
B38: 46027 | C38: Tarik | D38: 00-034 | E38: DIRTY LINEN HOLDING | F38: TRUE | G38: TRUE | H38: FALSE | I38: FALSE | J38: FALSE | K38: 6 | L38: =K38-M38 -> 0 | M38: 6
B39: 46027 | C39: Tarik | D39: 00-035 | E39: BUTLER REST AREA | F39: TRUE | G39: TRUE | H39: FALSE | I39: FALSE | J39: FALSE | K39: 9 | L39: =K39-M39 -> 2 | M39: 7
D40: 00-036 | E40: HOTEL CIRCULATION | F40: FALSE | G40: FALSE | H40: FALSE | I40: FALSE | J40: FALSE | L40: =K40-M40 -> 0
D41: 00-037 | E41: GUEST LIFT LOBBY | F41: FALSE | G41: FALSE | H41: FALSE | I41: FALSE | J41: FALSE | L41: =K41-M41 -> 0
D42: 00-038 | E42: HOTEL CIRCULATION | F42: FALSE | G42: FALSE | H42: FALSE | I42: FALSE | J42: FALSE | L42: =K42-M42 -> 0
D43: 00-039 | E43: GUEST STAIR - 04 | F43: FALSE | G43: FALSE | H43: FALSE | I43: FALSE | J43: FALSE | L43: =K43-M43 -> 0
D44: 00-040 | E44: MAIN CIRCULATION | F44: FALSE | G44: FALSE | H44: FALSE | I44: FALSE | J44: FALSE | L44: =K44-M44 -> 0
D45: 00-041 | E45: SERVICE STAIR - 02 | F45: FALSE | G45: FALSE | H45: FALSE | I45: FALSE | J45: FALSE | L45: =K45-M45 -> 0
B46: 46048 | C46: Akram | D46: 00-042 | E46: SERVICE LIFT LOBBY | F46: TRUE | G46: FALSE | H46: FALSE | I46: FALSE | J46: FALSE | K46: 19 | L46: =K46-M46 -> 19
B47: 46030 | C47: Tarik | D47: 00-043 | E47: CR ROOM | F47: TRUE | G47: FALSE | H47: FALSE | I47: FALSE | J47: FALSE | K47: 12 | L47: =K47-M47 -> 4 | M47: 8
B48: 46030 | C48: Ibrar | D48: 00-044 | E48: ELECTRICAL ROOM | F48: TRUE | G48: FALSE | H48: FALSE | I48: FALSE | J48: FALSE | K48: 15 | L48: =K48-M48 -> 1 | M48: 14
D49: 00-045 | E49: GREASE TANK | F49: FALSE | G49: FALSE | H49: FALSE | I49: FALSE | J49: FALSE | L49: =K49-M49 -> 0
D50: 00-046 | E50: CART PARKING AREA | F50: FALSE | G50: FALSE | H50: FALSE | I50: FALSE | J50: FALSE | L50: =K50-M50 -> 0
D51: 00-046A | E51: CART PARKING AREA | F51: FALSE | G51: FALSE | H51: FALSE | I51: FALSE | J51: FALSE | L51: =K51-M51 -> 0
B52: 46026 | C52: Arvind | D52: 00-047(192) | E52: LANDSCAPE STORE | F52: TRUE | G52: TRUE | H52: FALSE | I52: FALSE | J52: FALSE | K52: 17 | L52: =K52-M52 -> 2 | M52: 15
B53: 46026 | C53: Arvind | D53: 00-048(193) | E53: POOL FURNITURE STORE | F53: TRUE | G53: TRUE | H53: FALSE | I53: FALSE | J53: FALSE | K53: 14 | L53: =K53-M53 -> 4 | M53: 10
B54: 46069 | C54: Ibrar | D54: 00-047(194) | E54: POOL MAINT STORE | F54: TRUE | G54: TRUE | H54: FALSE | I54: FALSE | J54: FALSE | K54: 16 | L54: =K54-M54 -> 6 | M54: 10
B55: 46027 | C55: Abdulrahman | D55: 00-050 | E55: HOUSE KEEPING & SERVICE PANTERY | F55: TRUE | G55: TRUE | H55: FALSE | I55: FALSE | J55: FALSE | K55: 41 | L55: =K55-M55 -> 5 | M55: 36
B56: 46027 | C56: Suresh | D56: 00-051 | E56: CLEAN LINEN & HOUSEKEEPING STORAGE | F56: TRUE | G56: TRUE | H56: FALSE | I56: FALSE | J56: FALSE | K56: 9 | L56: =K56-M56 -> 1 | M56: 8
B57: 46026 | C57: Arvind | D57: 00-052 | E57: DIRTY LINEN HOLDING | F57: TRUE | G57: TRUE | H57: FALSE | I57: FALSE | J57: FALSE | K57: 13 | L57: =K57-M57 -> 0 | M57: 13
B58: 46048 | C58: Abdulrahman | D58: 00-053 | E58: SERVICE CORRIDOR | F58: TRUE | G58: TRUE | H58: FALSE | I58: FALSE | J58: FALSE | K58: 13 | L58: =K58-M58 -> 2 | M58: 11
B59: 46026 | C59: Arvind | D59: 00-056 | E59: WASTE HOLDING | F59: TRUE | G59: TRUE | H59: FALSE | I59: FALSE | J59: FALSE | K59: 8 | L59: =K59-M59 -> 0 | M59: 8
B60: 46027 | C60: Arvind | D60: 00-057 | E60: W.C. | F60: TRUE | G60: TRUE | H60: FALSE | I60: FALSE | J60: FALSE | K60: 7 | L60: =K60-M60 -> 1 | M60: 6
B61: 46026 | C61: Arvind | D61: 00-058 | E61: BUTLER REST AREA | F61: TRUE | G61: TRUE | H61: FALSE | I61: FALSE | J61: FALSE | K61: 15 | L61: =K61-M61 -> 1 | M61: 14
B62: 46125 | C62: Ibrar | D62: 00-059 (295) | E62: MAIN CIRCULATION | F62: TRUE | G62: FALSE | H62: FALSE | I62: FALSE | J62: FALSE | K62: 1 | L62: =K62-M62 -> 1
D63: 00-060 | E63: HOTEL CIRCULATION | F63: FALSE | G63: FALSE | H63: FALSE | I63: FALSE | J63: FALSE | L63: =K63-M63 -> 0
D64: 00-061 | E64: GUEST LIFT LOBBY | F64: FALSE | G64: FALSE | H64: FALSE | I64: FALSE | J64: FALSE | L64: =K64-M64 -> 0
D65: 00-062 | E65: HOTEL CIRCULATION | F65: FALSE | G65: FALSE | H65: FALSE | I65: FALSE | J65: FALSE | L65: =K65-M65 -> 0
D66: 00-063 | E66: GUEST STAIR - 05 | F66: FALSE | G66: FALSE | H66: FALSE | I66: FALSE | J66: FALSE | L66: =K66-M66 -> 0
D67: 00-064 | E67: HVAC SHAFT | F67: FALSE | G67: FALSE | H67: FALSE | I67: FALSE | J67: FALSE | L67: =K67-M67 -> 0
B68: 46048 | C68: Tarik | D68: 00-065 | E68: SERVICE LIFT LOBBY | F68: TRUE | G68: FALSE | H68: FALSE | I68: FALSE | J68: FALSE | K68: 9 | L68: =K68-M68 -> 9
D69: 00-066 | E69: SERVICE STAIR - 03 | F69: FALSE | G69: FALSE | H69: FALSE | I69: FALSE | J69: FALSE | L69: =K69-M69 -> 0
D70: 00-067 | E70: MAIN CIRCULATION | F70: FALSE | G70: FALSE | H70: FALSE | I70: FALSE | J70: FALSE | L70: =K70-M70 -> 0
B71: 46030 | C71: Tarik | D71: 00-068 | E71: CR ROOM | F71: TRUE | G71: FALSE | H71: FALSE | I71: FALSE | J71: FALSE | K71: 15 | L71: =K71-M71 -> 7 | M71: 8
D72: 00-068 | E72: ELECTRICAL ROOM | F72: FALSE | G72: FALSE | H72: FALSE | I72: FALSE | J72: FALSE | L72: =K72-M72 -> 0
B73: 46030 | C73: Ibrar | D73: 00-069 | E73: ELECTRICAL ROOM | F73: TRUE | G73: FALSE | H73: FALSE | I73: FALSE | J73: FALSE | K73: 16 | L73: =K73-M73 -> 1 | M73: 15
D74: 00-070 | E74: HVAC SHAFT | F74: FALSE | G74: FALSE | H74: FALSE | I74: FALSE | J74: FALSE | L74: =K74-M74 -> 0
B75: 46048 | C75: Ibrar | D75: 00-071 | E75: HVAC SHAFT | F75: TRUE | G75: FALSE | H75: FALSE | I75: FALSE | J75: FALSE | K75: 11 | L75: =K75-M75 -> 11
B76: 46048 | C76: Abdulrahman | D76: 00-072 | E76: HVAC SHAFT | F76: TRUE | G76: FALSE | H76: FALSE | I76: FALSE | J76: FALSE | K76: 5 | L76: =K76-M76 -> 5
B77: 46048 | C77: Ibrar | D77: 00-073 | E77: ELV SHAFT | F77: TRUE | G77: FALSE | H77: FALSE | I77: FALSE | J77: FALSE | K77: 7 | L77: =K77-M77 -> 7
D78: 00-074 | E78: FIRE & PHE SHAFT | F78: FALSE | G78: FALSE | H78: FALSE | I78: FALSE | J78: FALSE | L78: =K78-M78 -> 0
B79: 46048 | C79: Ibrar | D79: 00-075 | E79: GEN. FLUE GAS SHAFT | F79: TRUE | G79: FALSE | H79: FALSE | I79: FALSE | J79: FALSE | K79: 4 | L79: =K79-M79 -> 4
D80: 00-076 | E80: LPG SHAFT | F80: FALSE | G80: FALSE | H80: FALSE | I80: FALSE | J80: FALSE | L80: =K80-M80 -> 0
B81: 46048 | C81: Ibrar | D81: 00-077 | E81: LV SHAFT | F81: TRUE | G81: FALSE | H81: FALSE | I81: FALSE | J81: FALSE | K81: 5 | L81: =K81-M81 -> 5
D82: 00-078 | E82: PRESSURIZATION SHAFT | F82: FALSE | G82: FALSE | H82: FALSE | I82: FALSE | J82: FALSE | L82: =K82-M82 -> 0
B83: 46124 | C83: Ibrar | D83: 00-080 | E83: CHERRY PICKER PARKING | F83: TRUE | G83: FALSE | H83: FALSE | I83: FALSE | J83: FALSE | K83: 14 | L83: =K83-M83 -> 14
D84: 01-211 | E84: SCREENING EQUIPMENT ROOM | F84: FALSE | G84: FALSE | H84: FALSE | I84: FALSE | J84: FALSE | L84: =K84-M84 -> 0
D85: 01-? | E85: RAMP AREA | F85: FALSE | G85: FALSE | H85: FALSE | I85: FALSE | J85: FALSE | L85: =K85-M85 -> 0
D86: 01-000 | E86: FUNICULAR DROP OFF - VILLAGE SQUARE LEVEL | F86: FALSE | G86: FALSE | H86: FALSE | I86: FALSE | J86: FALSE | L86: =K86-M86 -> 0 | N86: TOTAL | O86: =O87+O88 -> 376
B87: 46042 | C87: Akram | D87: 01-001 | E87: ETS | F87: TRUE | G87: FALSE | H87: FALSE | I87: FALSE | J87: FALSE | L87: =K87-M87 -> 0 | N87: completed | O87: =COUNTIFS(F90:F465,TRUE) -> 167
D88: 01-002 | E88: FERTILIZER BINS | F88: FALSE | G88: FALSE | H88: FALSE | I88: FALSE | J88: FALSE | L88: =K88-M88 -> 0 | N88: pending | O88: =COUNTIFS(F90:F465,FALSE) -> 209
B89: 46055 | C89: Nawaf | D89: 01-004 | E89: SUMP PIT & PUMP ROOM | F89: TRUE | G89: FALSE | H89: FALSE | I89: FALSE | J89: FALSE | L89: =K89-M89 -> 0
B90: 46069 | C90: Tarik | D90: 01-005 | E90: LANDSCAPE MAINTENANCE | F90: TRUE | G90: FALSE | H90: FALSE | I90: FALSE | J90: FALSE | L90: =K90-M90 -> 0 | P90: TOTAL | Q90: =Q91+Q92 -> 376
B91: 46121 | C91: Tarik | D91: 01-006 | E91: MAINTENANCE YARD | F91: TRUE | G91: FALSE | H91: FALSE | I91: FALSE | J91: FALSE | L91: =K91-M91 -> 0 | P91: completed | Q91: =COUNTIFS(G94:G469,TRUE) -> 48
D92: 01-008 | E92: FUNICULAR DROP OFF - VILLAGE SQUARE LEVEL | F92: FALSE | G92: FALSE | H92: FALSE | I92: FALSE | J92: FALSE | L92: =K92-M92 -> 0 | P92: pending | Q92: =COUNTIFS(G94:G469,FALSE) -> 328
D93: 01-009 | E93: INTERFACE ROOM | F93: FALSE | G93: FALSE | H93: FALSE | I93: FALSE | J93: FALSE | L93: =K93-M93 -> 0
B94: 46044 | C94: Thayalaraj | D94: 01-010 | E94: WORKSHOP | F94: TRUE | G94: FALSE | H94: FALSE | I94: FALSE | J94: FALSE | K94: 17 | L94: =K94-M94 -> 7 | M94: 10
B95: 46043 | C95: Akram | D95: 01-013 | E95: CHIEF ENGINEER OFFICE | F95: TRUE | G95: FALSE | H95: FALSE | I95: FALSE | J95: FALSE | K95: 27 | L95: =K95-M95 -> 12 | M95: 15
B96: 46043 | C96: Ibrar | D96: 01-014 | E96: ENGINEERING COORDINATOR | F96: TRUE | G96: FALSE | H96: FALSE | I96: FALSE | J96: FALSE | K96: 17 | L96: =K96-M96 -> 3 | M96: 14
B97: 46043 | C97: Ibrar | D97: 01-14a | E97: DETERGENT STORE | F97: TRUE | G97: FALSE | H97: FALSE | I97: FALSE | J97: FALSE | L97: =K97-M97 -> 0
B98: 46043 | C98: Ibrar | D98: 01-014a | E98: ASSISTANT CHIEF ENGINEER | F98: TRUE | G98: FALSE | H98: FALSE | I98: FALSE | J98: FALSE | K98: 3 | L98: =K98-M98 -> 1 | M98: 2
B99: 46043 | C99: Ibrar | D99: 01-014b | E99: ADMINISTRATIVE ASSISTANT | F99: TRUE | G99: TRUE | H99: FALSE | I99: FALSE | J99: FALSE | K99: 1 | L99: =K99-M99 -> 0 | M99: 1
B100: 46043 | C100: Ibrar | D100: 01-015 | E100: PLAN ROOM & DRAWING BOARD | F100: TRUE | G100: FALSE | H100: FALSE | I100: FALSE | J100: FALSE | K100: 17 | L100: =K100-M100 -> 9 | M100: 8
B101: 46065 | C101: Akram | D101: 01-016 | E101: MAIN COMMS. ROOM | F101: TRUE | G101: FALSE | H101: FALSE | I101: FALSE | J101: FALSE | K101: 19 | L101: =K101-M101 -> 16 | M101: 3
B102: 46043 | C102: Tarik | D102: 00-017 | E102: UPHOLSTERY SHOP & FABRIC STO. | F102: TRUE | G102: FALSE | H102: FALSE | I102: FALSE | J102: FALSE | K102: 18 | L102: =K102-M102 -> 9 | M102: 9
B103: 46043 | C103: Ibrar | D103: 01-018 | E103: TOILET | F103: TRUE | G103: FALSE | H103: FALSE | I103: FALSE | J103: FALSE | K103: 17 | L103: =K103-M103 -> 4 | M103: 13
...

Sheet BOH L00
B2: MENU
B16: SNAGGED DATE | C16: SNAGGED BY | D16: ROOM NO. | E16: ROOM NAME | F16: Stage 1a Completion of Operator Inspection (Pre FFE) | G16: Stage 1b Completion of De-Snagging and close out operator Comments/Deep Cleaning | H16: Completion of FF&E installation | I16: Stage 2a Completion of Operator Inspection (Post FFE) | J16: Stage 2b Completion of De-Snagging /Sparkle Cleaning and handover | K16: Total Snag Raised | L16: Total Snag Open | M16: Total Snag Closed | U16: list
D17: Column1 | E17: Column2 | F17: Column3 | G17: Column4 | H17: Column5 | I17: Column6 | J17: Column7 | K17: Column8 | L17: Column9 | M17: Column10
D18: 00-001 | E18: CART PARKING AREA | F18: FALSE | G18: FALSE | H18: FALSE | I18: FALSE | J18: FALSE | L18: =K18-M18 -> 0 | U18: Arvind
D19: 00-001a | E19: CART PARKING AREA | F19: FALSE | G19: FALSE | H19: FALSE | I19: FALSE | J19: FALSE | L19: =K19-M19 -> 0 | U19: Thayalaraj
B20: 46051 | C20: Thayalaraj | D20: 00-002 | E20: CLEAN LINEN & HOUSEKEEPING STORAGE | F20: TRUE | G20: TRUE | H20: FALSE | I20: FALSE | J20: FALSE | K20: 9 | L20: =K20-M20 -> 1 | M20: 8 | U20: Arvind
B21: 46051 | C21: Thayalaraj | D21: 00-003 | E21: MAIN CIRCULATION | F21: TRUE | G21: FALSE | H21: FALSE | I21: FALSE | J21: FALSE | K21: 6 | L21: =K21-M21 -> 0 | M21: 6 | U21: Thayalaraj
B22: 46051 | C22: Thayalaraj | D22: 00-004 | E22: HOUSEKEEPING & SERVICE PANTRY | F22: TRUE | G22: TRUE | H22: FALSE | I22: FALSE | J22: FALSE | K22: 23 | L22: =K22-M22 -> 2 | M22: 21 | U22: Abdulrahman
B23: 46051 | C23: Hafil | D23: 00-005 | E23: SERVICE CORRIDOR | F23: TRUE | G23: FALSE | H23: FALSE | I23: FALSE | J23: FALSE | K23: 5 | L23: =K23-M23 -> 1 | M23: 4 | U23: Naseer
B24: 46051 | C24: Thayalaraj | D24: 00-006 | E24: WASTE HOLDING | F24: TRUE | G24: TRUE | H24: FALSE | I24: FALSE | J24: FALSE | K24: 8 | L24: =K24-M24 -> 1 | M24: 7 | U24: M.Adel
B25: 46051 | C25: Hafil | D25: 00-007 | E25: W.C. | F25: TRUE | G25: FALSE | H25: FALSE | I25: FALSE | J25: FALSE | K25: 6 | L25: =K25-M25 -> 3 | M25: 3 | U25: Tarik
B26: 46051 | C26: Hafil | D26: 00-008 | E26: DIRTY LINEN HOLDING | F26: TRUE | G26: FALSE | H26: FALSE | I26: FALSE | J26: FALSE | K26: 5 | L26: =K26-M26 -> 0 | M26: 5 | U26: Akram
B27: 46051 | C27: Hafil | D27: 00-009 | E27: BUTLER REST AREA | F27: TRUE | G27: FALSE | H27: FALSE | I27: FALSE | J27: FALSE | K27: 1 | L27: =K27-M27 -> 0 | M27: 1 | U27: Prasanna
D28: 00-010 | E28: HOTEL CIRCULATION | F28: FALSE | G28: FALSE | H28: FALSE | I28: FALSE | J28: FALSE | L28: =K28-M28 -> 0 | U28: Suresh
D29: 00-011 | E29: GUEST LIFT LOBBY | F29: FALSE | G29: FALSE | H29: FALSE | I29: FALSE | J29: FALSE | L29: =K29-M29 -> 0 | U29: Mosab
D30: 00-012 | E30: HOTEL CIRCULATION | F30: FALSE | G30: FALSE | H30: FALSE | I30: FALSE | J30: FALSE | L30: =K30-M30 -> 0 | U30: Nawaf
D31: 00-013 | E31: GUEST STAIR - 03 | F31: FALSE | G31: FALSE | H31: FALSE | I31: FALSE | J31: FALSE | L31: =K31-M31 -> 0 | U31: Hafil
B32: 46048 | C32: Tarik | D32: 00-014 | E32: CR ROOM | F32: TRUE | G32: FALSE | H32: FALSE | I32: FALSE | J32: FALSE | K32: 12 | L32: =K32-M32 -> 1 | M32: 11 | U32: Ibrar
B33: 46048 | C33: Tarik | D33: 00-015 | E33: ELECTRICAL ROOM | F33: TRUE | G33: FALSE | H33: FALSE | I33: FALSE | J33: FALSE | K33: 12 | L33: =K33-M33 -> 3 | M33: 9 | U33: Brigitta
B34: 46121 | C34: Hafil | D34: 00-016 | E34: MAIN CIRCULATION | F34: TRUE | G34: FALSE | H34: FALSE | I34: FALSE | J34: FALSE | K34: 19 | L34: =K34-M34 -> 19 | U34: Ahmed Abdelghany
B35: 46121 | C35: Ibrar | D35: 00-017 | E35: SERVICE LIFT LOBBY | F35: TRUE | G35: FALSE | H35: FALSE | I35: FALSE | J35: FALSE | K35: 15 | L35: =K35-M35 -> 15 | U35: Simon Gonsalves
D36: 00-019 | E36: SERVICE STAIR - 01 | F36: FALSE | G36: FALSE | H36: FALSE | I36: FALSE | J36: FALSE | L36: =K36-M36 -> 0 | U36: Engineering team
B37: 46048 | C37: Ibrar | D37: 00-020 | E37: SERVICE CORRIDOR | F37: TRUE | G37: FALSE | H37: FALSE | I37: FALSE | J37: FALSE | K37: 4 | L37: =K37-M37 -> 4
B38: 46121 | C38: Ibrar | D38: 00-021 | E38: SERVICE CORRIDOR | F38: TRUE | G38: FALSE | H38: FALSE | I38: FALSE | J38: FALSE | K38: 17 | L38: =K38-M38 -> 17
D39: 00-023 | E39: CART PARKING AREA | F39: FALSE | G39: FALSE | H39: FALSE | I39: FALSE | J39: FALSE | L39: =K39-M39 -> 0
B40: 46121 | C40: Tarik | D40: 00-024 | E40: ELECTRICAL ROOM | F40: TRUE | G40: FALSE | H40: FALSE | I40: FALSE | J40: FALSE | K40: 23 | L40: =K40-M40 -> 23
B41: 46124 | C41: Ibrar | D41: 00-025 | E41: CR ROOM | F41: TRUE | G41: FALSE | H41: FALSE | I41: FALSE | J41: FALSE | K41: 13 | L41: =K41-M41 -> 13
D42: 00-027 | E42: CART PARKING AREA | F42: FALSE | G42: FALSE | H42: FALSE | I42: FALSE | J42: FALSE | L42: =K42-M42 -> 0
B43: 46051 | C43: HAFIL | D43: 00-028 | E43: MAIN CIRCULATION | F43: TRUE | G43: TRUE | H43: FALSE | I43: FALSE | J43: FALSE | K43: 6 | L43: =K43-M43 -> 0 | M43: 6
B44: 46026 | C44: Arvind | D44: 00-029 | E44: CLEAN LINEN & HOUSEKEEPING STORAGE | F44: TRUE | G44: TRUE | H44: FALSE | I44: FALSE | J44: FALSE | K44: 22 | L44: =K44-M44 -> 2 | M44: 20
B45: 46026 | C45: Arvind | D45: 00-030 | E45: HOUSEKEEPING & SERVICE PANTRY | F45: TRUE | G45: TRUE | H45: FALSE | I45: FALSE | J45: FALSE | K45: 36 | L45: =K45-M45 -> 5 | M45: 31
B46: 46048 | C46: Akram | D46: 00-031 | E46: SERVICE CORRIDOR | F46: TRUE | G46: TRUE | H46: FALSE | I46: FALSE | J46: FALSE | K46: 7 | L46: =K46-M46 -> 0 | M46: 7
B47: 46027 | C47: Tarik | D47: 00-032 | E47: Waste holding | F47: TRUE | G47: TRUE | H47: FALSE | I47: FALSE | J47: FALSE | K47: 16 | L47: =K47-M47 -> 0 | M47: 16
B48: 46026 | C48: Arvind | D48: 00-033 | E48: W.C. | F48: TRUE | G48: TRUE | H48: FALSE | I48: FALSE | J48: FALSE | K48: 12 | L48: =K48-M48 -> 0 | M48: 12
B49: 46027 | C49: Tarik | D49: 00-034 | E49: DIRTY LINEN HOLDING | F49: TRUE | G49: TRUE | H49: FALSE | I49: FALSE | J49: FALSE | K49: 6 | L49: =K49-M49 -> 0 | M49: 6
B50: 46027 | C50: Tarik | D50: 00-035 | E50: BUTLER REST AREA | F50: TRUE | G50: TRUE | H50: FALSE | I50: FALSE | J50: FALSE | K50: 13 | L50: =K50-M50 -> 4 | M50: 9
D51: 00-036 | E51: HOTEL CIRCULATION | F51: FALSE | G51: FALSE | H51: FALSE | I51: FALSE | J51: FALSE | L51: =K51-M51 -> 0 | O51: Stage 1a Completion of Operator Inspection (Pre FFE) | R51: Stage 1b Completion of De-Snagging and close out operator Comments/Deep Cleaning
D52: 00-037 | E52: GUEST LIFT LOBBY | F52: FALSE | G52: FALSE | H52: FALSE | I52: FALSE | J52: FALSE | L52: =K52-M52 -> 0
D53: 00-038 | E53: HOTEL CIRCULATION | F53: FALSE | G53: FALSE | H53: FALSE | I53: FALSE | J53: FALSE | L53: =K53-M53 -> 0
D54: 00-039 | E54: GUEST STAIR - 04 | F54: FALSE | G54: FALSE | H54: FALSE | I54: FALSE | J54: FALSE | L54: =K54-M54 -> 0 | O54: TOTAL | P54: =P55+P56 -> 77 | R54: TOTAL | S54: =S55+S56 -> 77
D55: 00-040 | E55: MAIN CIRCULATION | F55: FALSE | G55: FALSE | H55: FALSE | I55: FALSE | J55: FALSE | L55: =K55-M55 -> 0 | O55: completed | P55: =COUNTIFS(F18:F94,TRUE) -> 52 | R55: completed | S55: =COUNTIFS(G18:G94,TRUE) -> 21
D56: 00-041 | E56: SERVICE STAIR - 02 | F56: FALSE | G56: FALSE | H56: FALSE | I56: FALSE | J56: FALSE | L56: =K56-M56 -> 0 | O56: pending | P56: =COUNTIFS(F18:F94,FALSE) -> 25 | R56: pending | S56: =COUNTIFS(G18:G94,FALSE) -> 56
B57: 46048 | C57: Akram | D57: 00-042 | E57: SERVICE LIFT LOBBY | F57: TRUE | G57: FALSE | H57: FALSE | I57: FALSE | J57: FALSE | K57: 19 | L57: =K57-M57 -> 19
B58: 46030 | C58: Tarik | D58: 00-043 | E58: CR ROOM | F58: TRUE | G58: FALSE | H58: FALSE | I58: FALSE | J58: FALSE | K58: 16 | L58: =K58-M58 -> 8 | M58: 8
B59: 46030 | C59: Ibrar | D59: 00-044 | E59: ELECTRICAL ROOM | F59: TRUE | G59: FALSE | H59: FALSE | I59: FALSE | J59: FALSE | K59: 15 | L59: =K59-M59 -> 1 | M59: 14
D60: 00-045 | E60: GREASE TANK | F60: FALSE | G60: FALSE | H60: FALSE | I60: FALSE | J60: FALSE | L60: =K60-M60 -> 0
D61: 00-046 | E61: CART PARKING AREA | F61: FALSE | G61: FALSE | H61: FALSE | I61: FALSE | J61: FALSE | L61: =K61-M61 -> 0
D62: 00-046A | E62: CART PARKING AREA | F62: FALSE | G62: FALSE | H62: FALSE | I62: FALSE | J62: FALSE | L62: =K62-M62 -> 0
B63: 46026 | C63: Arvind | D63: 00-047(292) | E63: LANDSCAPE STORE | F63: TRUE | G63: TRUE | H63: FALSE | I63: FALSE | J63: FALSE | K63: 17 | L63: =K63-M63 -> 0 | M63: 17
B64: 46026 | C64: Arvind | D64: 00-048(293) | E64: POOL FURNITURE STORE | F64: TRUE | G64: TRUE | H64: FALSE | I64: FALSE | J64: FALSE | K64: 14 | L64: =K64-M64 -> 0 | M64: 14
B65: 46069 | C65: Ibrar | D65: 00-049(294) | E65: POOL MAINT STORE | F65: TRUE | G65: TRUE | H65: FALSE | I65: FALSE | J65: FALSE | K65: 17 | L65: =K65-M65 -> 1 | M65: 16
B66: 46027 | C66: Abdulrahman | D66: 00-050 | E66: HOUSE KEEPING & SERVICE PANTERY | F66: TRUE | G66: TRUE | H66: FALSE | I66: FALSE | J66: FALSE | K66: 41 | L66: =K66-M66 -> 3 | M66: 38
B67: 46027 | C67: Suresh | D67: 00-051 | E67: CLEAN LINEN & HOUSEKEEPING STORAGE | F67: TRUE | G67: TRUE | H67: FALSE | I67: FALSE | J67: FALSE | K67: 9 | L67: =K67-M67 -> 1 | M67: 8
B68: 46026 | C68: Arvind | D68: 00-052 | E68: DIRTY LINEN HOLDING | F68: TRUE | G68: TRUE | H68: FALSE | I68: FALSE | J68: FALSE | K68: 14 | L68: =K68-M68 -> 0 | M68: 14
B69: 46048 | C69: Abdulrahman | D69: 00-053 | E69: SERVICE CORRIDOR | F69: TRUE | G69: TRUE | H69: FALSE | I69: FALSE | J69: FALSE | K69: 13 | L69: =K69-M69 -> 1 | M69: 12
B70: 46026 | C70: Arvind | D70: 00-056 | E70: WASTE HOLDING | F70: TRUE | G70: TRUE | H70: FALSE | I70: FALSE | J70: FALSE | K70: 12 | L70: =K70-M70 -> 2 | M70: 10
B71: 46027 | C71: Arvind | D71: 00-057 | E71: W.C. | F71: TRUE | G71: TRUE | H71: FALSE | I71: FALSE | J71: FALSE | K71: 8 | L71: =K71-M71 -> 0 | M71: 8
B72: 46026 | C72: Arvind | D72: 00-058 | E72: BUTLER REST AREA | F72: TRUE | G72: TRUE | H72: FALSE | I72: FALSE | J72: FALSE | K72: 15 | L72: =K72-M72 -> 1 | M72: 14
B73: 46125 | C73: Ibrar | D73: 00-059 (295) | E73: MAIN CIRCULATION | F73: TRUE | G73: FALSE | H73: FALSE | I73: FALSE | J73: FALSE | K73: 1 | L73: =K73-M73 -> 0 | M73: 1
D74: 00-060 | E74: HOTEL CIRCULATION | F74: FALSE | G74: FALSE | H74: FALSE | I74: FALSE | J74: FALSE | L74: =K74-M74 -> 0
D75: 00-061 | E75: GUEST LIFT LOBBY | F75: FALSE | G75: FALSE | H75: FALSE | I75: FALSE | J75: FALSE | L75: =K75-M75 -> 0
D76: 00-062 | E76: HOTEL CIRCULATION | F76: FALSE | G76: FALSE | H76: FALSE | I76: FALSE | J76: FALSE | L76: =K76-M76 -> 0
D77: 00-063 | E77: GUEST STAIR - 05 | F77: FALSE | G77: FALSE | H77: FALSE | I77: FALSE | J77: FALSE | L77: =K77-M77 -> 0
B78: 46141 | C78: Tarik | D78: 00-064 | E78: HVAC SHAFT | F78: TRUE | G78: FALSE | H78: FALSE | I78: FALSE | J78: FALSE | K78: 8 | L78: =K78-M78 -> 8
B79: 46048 | C79: Tarik | D79: 00-065 | E79: SERVICE LIFT LOBBY | F79: TRUE | G79: FALSE | H79: FALSE | I79: FALSE | J79: FALSE | K79: 9 | L79: =K79-M79 -> 9
D80: 00-066 | E80: SERVICE STAIR - 03 | F80: FALSE | G80: FALSE | H80: FALSE | I80: FALSE | J80: FALSE | L80: =K80-M80 -> 0
D81: 00-067 | E81: MAIN CIRCULATION | F81: FALSE | G81: FALSE | H81: FALSE | I81: FALSE | J81: FALSE | L81: =K81-M81 -> 0
B82: 46030 | C82: Tarik | D82: 00-068 | E82: CR ROOM | F82: TRUE | G82: FALSE | H82: FALSE | I82: FALSE | J82: FALSE | K82: 17 | L82: =K82-M82 -> 9 | M82: 8
D83: 00-068 | E83: ELECTRICAL ROOM | F83: FALSE | G83: FALSE | H83: FALSE | I83: FALSE | J83: FALSE | L83: =K83-M83 -> 0
B84: 46030 | C84: Ibrar | D84: 00-069 | E84: ELECTRICAL ROOM | F84: TRUE | G84: FALSE | H84: FALSE | I84: FALSE | J84: FALSE | K84: 16 | L84: =K84-M84 -> 1 | M84: 15
B85: 46142 | C85: HAFIL | D85: 00-070 | E85: HVAC SHAFT | F85: TRUE | G85: FALSE | H85: FALSE | I85: FALSE | J85: FALSE | L85: =K85-M85 -> 0
B86: 46048 | C86: Ibrar | D86: 00-071 | E86: HVAC SHAFT | F86: TRUE | G86: FALSE | H86: FALSE | I86: FALSE | J86: FALSE | K86: 11 | L86: =K86-M86 -> 11
B87: 46048 | C87: Abdulrahman | D87: 00-072 | E87: HVAC SHAFT | F87: TRUE | G87: FALSE | H87: FALSE | I87: FALSE | J87: FALSE | K87: 5 | L87: =K87-M87 -> 5
B88: 46048 | C88: Ibrar | D88: 00-073 | E88: ELV SHAFT | F88: TRUE | G88: FALSE | H88: FALSE | I88: FALSE | J88: FALSE | K88: 7 | L88: =K88-M88 -> 7
D89: 00-074 | E89: FIRE & PHE SHAFT | F89: TRUE | G89: FALSE | H89: FALSE | I89: FALSE | J89: FALSE | L89: =K89-M89 -> 0
B90: 46048 | C90: Ibrar | D90: 00-075 | E90: GEN. FLUE GAS SHAFT | F90: TRUE | G90: FALSE | H90: FALSE | I90: FALSE | J90: FALSE | K90: 4 | L90: =K90-M90 -> 4
D91: 00-076 | E91: LPG SHAFT | F91: TRUE | G91: FALSE | H91: FALSE | I91: FALSE | J91: FALSE | L91: =K91-M91 -> 0
B92: 46048 | C92: Ibrar | D92: 00-077 | E92: LV SHAFT | F92: TRUE | G92: FALSE | H92: FALSE | I92: FALSE | J92: FALSE | K92: 5 | L92: =K92-M92 -> 5
D93: 00-078 | E93: PRESSURIZATION SHAFT | F93: TRUE | G93: FALSE | H93: FALSE | I93: FALSE | J93: FALSE | L93: =K93-M93 -> 0
B94: 46124 | C94: Ibrar | D94: 00-080 | E94: CHERRY PICKER PARKING | F94: TRUE | G94: FALSE | H94: FALSE | I94: FALSE | J94: FALSE | K94: 14 | L94: =K94-M94 -> 14
K95: =SUM(BOHL00[Column8]) -> 603 | L95: =SUM(BOHL00[Column9]) -> 224 | M95: =SUM(BOHL00[Column10]) -> 379

Sheet BOH L01
B2: MENU
B5: SNAGGED DATE | C5: SNAGGED BY | D5: ROOM NO. | E5: ROOM NAME | F5: Stage 1a Completion of Operator Inspection (Pre FFE) | G5: Stage 1b Completion of De-Snagging and close out operator Comments/Deep Cleaning | H5: Completion of FF&E installation | I5: Stage 2a Completion of Operator Inspection (Post FFE) | J5: Stage 2b Completion of De-Snagging /Sparkle Cleaning and handover | K5: Total Snag Raised | L5: Total Snag Open | M5: Total Snag Closed | U5: list
D6: Column1 | E6: Column2 | F6: Column3 | G6: Column4 | H6: Column5 | I6: Column6 | J6: Column7 | K6: Column8 | L6: Column9 | M6: Column10
D7: 01-211 | E7: SCREENING EQUIPMENT ROOM | F7: FALSE | G7: FALSE | H7: FALSE | I7: FALSE | J7: FALSE
D8: 01-? | E8: RAMP AREA | F8: FALSE | G8: FALSE | H8: FALSE | I8: FALSE | J8: FALSE | L8: =(BOHL01[[#This Row],[Column8]]-M8) -> 0 | U8: Arvind
D9: 01-000 | E9: FUNICULAR DROP OFF - VILLAGE SQUARE LEVEL | F9: FALSE | G9: FALSE | H9: FALSE | I9: FALSE | J9: FALSE | L9: =(BOHL01[[#This Row],[Column8]]-M9) -> 0 | U9: Thayalaraj
B10: 46042 | C10: Akram | D10: 01-001 | E10: ETS | F10: TRUE | G10: TRUE | H10: FALSE | I10: FALSE | J10: FALSE | K10: 48 | L10: =(BOHL01[[#This Row],[Column8]]-M10) -> 29 | M10: 19 | U10: Abdulrahman
B11: 46069 | C11: Tarik | D11: 01-002 | E11: FERTILIZER BINS | F11: TRUE | G11: TRUE | H11: FALSE | I11: FALSE | J11: FALSE | K11: 11 | L11: =(BOHL01[[#This Row],[Column8]]-M11) -> 5 | M11: 6 | U11: Naseer
B12: 46055 | C12: Nawaf | D12: 01-004 | E12: SUMP PIT & PUMP ROOM | F12: TRUE | G12: FALSE | H12: FALSE | I12: FALSE | J12: FALSE | K12: 8 | L12: =(BOHL01[[#This Row],[Column8]]-M12) -> 8 | M12: 0 | U12: M.Adel
B13: 46069 | C13: Tarik | D13: 01-005 | E13: LANDSCAPE MAINTENANCE | F13: TRUE | G13: FALSE | H13: FALSE | I13: FALSE | J13: FALSE | K13: 6 | L13: =(BOHL01[[#This Row],[Column8]]-M13) -> 6 | M13: 0 | U13: Tarik
B14: 46121 | C14: Tarik | D14: 01-006 | E14: MAINTENANCE YARD | F14: TRUE | G14: FALSE | H14: FALSE | I14: FALSE | J14: FALSE | K14: 28 | L14: =(BOHL01[[#This Row],[Column8]]-M14) -> 28 | M14: 0 | U14: Akram
D15: 01-008 | E15: FUNICULAR DROP OFF - VILLAGE SQUARE LEVEL | F15: FALSE | G15: FALSE | H15: FALSE | I15: FALSE | J15: FALSE | L15: =(BOHL01[[#This Row],[Column8]]-M15) -> 0 | U15: Prasanna
D16: 01-009 | E16: INTERFACE ROOM | F16: FALSE | G16: FALSE | H16: FALSE | I16: FALSE | J16: FALSE | L16: =(BOHL01[[#This Row],[Column8]]-M16) -> 0 | U16: Suresh
B17: 46044 | C17: Thayalaraj | D17: 01-010 | E17: WORKSHOP | F17: TRUE | G17: TRUE | H17: FALSE | I17: FALSE | J17: FALSE | K17: 10 | L17: =(BOHL01[[#This Row],[Column8]]-M17) -> 4 | M17: 6 | U17: Mosab
B18: 46043 | C18: Akram | D18: 01-013 | E18: CHIEF ENGINEER OFFICE | F18: TRUE | G18: TRUE | H18: FALSE | I18: FALSE | J18: FALSE | K18: 20 | L18: =(BOHL01[[#This Row],[Column8]]-M18) -> 5 | M18: 15 | U18: Nawaf
B19: 46043 | C19: Ibrar | D19: 01-014 | E19: ENGINEERING COORDINATOR | F19: TRUE | G19: TRUE | H19: FALSE | I19: FALSE | J19: FALSE | K19: 10 | L19: =(BOHL01[[#This Row],[Column8]]-M19) -> 0 | M19: 10 | U19: Hafil
B20: 46043 | C20: Ibrar | D20: 01-14a | E20: DETERGENT STORE | F20: TRUE | G20: TRUE | H20: FALSE | I20: FALSE | J20: FALSE | K20: 3 | L20: =(BOHL01[[#This Row],[Column8]]-M20) -> 0 | M20: 3 | U20: Ibrar
B21: 46043 | C21: Ibrar | D21: 01-014a | E21: ASSISTANT CHIEF ENGINEER | F21: TRUE | G21: TRUE | H21: FALSE | I21: FALSE | J21: FALSE | K21: 3 | L21: =(BOHL01[[#This Row],[Column8]]-M21) -> 0 | M21: 3 | U21: Brigitta
B22: 46043 | C22: Ibrar | D22: 01-014b | E22: ADMINISTRATIVE ASSISTANT | F22: TRUE | G22: TRUE | H22: FALSE | I22: FALSE | J22: FALSE | K22: 1 | L22: =(BOHL01[[#This Row],[Column8]]-M22) -> 0 | M22: 1 | U22: Ahmed Abdelghany
B23: 46043 | C23: Ibrar | D23: 01-015 | E23: PLAN ROOM & DRAWING BOARD | F23: TRUE | G23: TRUE | H23: FALSE | I23: FALSE | J23: FALSE | K23: 11 | L23: =(BOHL01[[#This Row],[Column8]]-M23) -> 3 | M23: 8 | U23: Simon Gonsalves
B24: 46065 | C24: Akram | D24: 01-016 | E24: MAIN COMMS. ROOM | F24: TRUE | G24: TRUE | H24: FALSE | I24: FALSE | J24: FALSE | K24: 18 | L24: =(BOHL01[[#This Row],[Column8]]-M24) -> 8 | M24: 10 | U24: Engineering team
B25: 46043 | C25: Tarik | D25: 00-017 | E25: UPHOLSTERY SHOP & FABRIC STO. | F25: TRUE | G25: TRUE | H25: FALSE | I25: FALSE | J25: FALSE | K25: 13 | L25: =(BOHL01[[#This Row],[Column8]]-M25) -> 4 | M25: 9
B26: 46043 | C26: Ibrar | D26: 01-018 | E26: TOILET | F26: TRUE | G26: TRUE | H26: FALSE | I26: FALSE | J26: FALSE | K26: 7 | L26: =(BOHL01[[#This Row],[Column8]]-M26) -> 1 | M26: 6
B27: 46043 | C27: Ibrar | D27: 01-019 | E27: SECURE PARTS STO. | F27: TRUE | G27: TRUE | H27: FALSE | I27: FALSE | J27: FALSE | K27: 14 | L27: =(BOHL01[[#This Row],[Column8]]-M27) -> 7 | M27: 7
B28: 46043 | C28: Hafil | D28: 01-020 | E28: PAINT SHOP & STORE | F28: TRUE | G28: TRUE | H28: FALSE | I28: FALSE | J28: FALSE | K28: 14 | L28: =(BOHL01[[#This Row],[Column8]]-M28) -> 4 | M28: 10
B29: 46043 | C29: Thayalaraj | D29: 01-021 | E29: CARPENTRY SHOP | F29: TRUE | G29: TRUE | H29: FALSE | I29: FALSE | J29: FALSE | K29: 12 | L29: =(BOHL01[[#This Row],[Column8]]-M29) -> 2 | M29: 10
D30: 01-022 | E30: RD & E 2 | F30: FALSE | G30: FALSE | H30: FALSE | I30: FALSE | J30: FALSE | L30: =(BOHL01[[#This Row],[Column8]]-M30) -> 0
B31: 46043 | C31: Tarik | D31: 01-023 | E31: RMU ROOM | F31: TRUE | G31: TRUE | H31: FALSE | I31: FALSE | J31: FALSE | K31: 22 | L31: =(BOHL01[[#This Row],[Column8]]-M31) -> 20 | M31: 2
B32: 46124 | C32: Naser | D32: 01-024 | E32: SERVICE CORRIDOR | F32: TRUE | G32: FALSE | H32: FALSE | I32: FALSE | J32: FALSE | K32: 41 | L32: =(BOHL01[[#This Row],[Column8]]-M32) -> 40 | M32: 1
B33: 46043 | C33: Tarik | D33: 01-026 | E33: TRANSFORMER ROOMS | F33: TRUE | G33: FALSE | H33: FALSE | I33: FALSE | J33: FALSE | K33: 13 | L33: =(BOHL01[[#This Row],[Column8]]-M33) -> 12 | M33: 1
B34: 46121 | C34: Naser | D34: 01-027 | E34: SERVICE CORRIDOR | F34: TRUE | G34: FALSE | H34: FALSE | I34: FALSE | J34: FALSE | K34: 55 | L34: =(BOHL01[[#This Row],[Column8]]-M34) -> 55
B35: 46043 | C35: Akram | D35: 01-028 | E35: LV PANEL ROOM | F35: TRUE | G35: TRUE | H35: FALSE | I35: FALSE | J35: FALSE | K35: 34 | L35: =(BOHL01[[#This Row],[Column8]]-M35) -> 26 | M35: 8
D36: 01-028 | E36: GENERATOR ROOM | F36: FALSE | G36: FALSE | H36: FALSE | I36: FALSE | J36: FALSE | L36: =(BOHL01[[#This Row],[Column8]]-M36) -> 0
D37: 01-030 | E37: HOTEL CIRCULATION | F37: FALSE | G37: FALSE | H37: FALSE | I37: FALSE | J37: FALSE | L37: =(BOHL01[[#This Row],[Column8]]-M37) -> 0
D38: 01-030 | E38: HOTEL CIRCULATION | F38: FALSE | G38: FALSE | H38: FALSE | I38: FALSE | J38: FALSE | L38: =(BOHL01[[#This Row],[Column8]]-M38) -> 0
D39: 01-031 | E39: GUEST LIFT LOBBY | F39: FALSE | G39: FALSE | H39: FALSE | I39: FALSE | J39: FALSE | L39: =(BOHL01[[#This Row],[Column8]]-M39) -> 0
D40: 01-032 | E40: HVAC SHAFT | F40: FALSE | G40: FALSE | H40: FALSE | I40: FALSE | J40: FALSE | L40: =(BOHL01[[#This Row],[Column8]]-M40) -> 0
D41: 01-033 | E41: MAIN CIRCULATION | F41: TRUE | G41: TRUE | H41: FALSE | I41: FALSE | J41: FALSE | K41: 66 | L41: =(BOHL01[[#This Row],[Column8]]-M41) -> 25 | M41: 41
B42: 46051 | C42: Naser | D42: 01-034 | E42: GENERAL STORAGE (CHARCOAL STORE) | F42: TRUE | G42: FALSE | H42: FALSE | I42: FALSE | J42: FALSE | K42: 10 | L42: =(BOHL01[[#This Row],[Column8]]-M42) -> 6 | M42: 4
B43: 46049 | C43: Naser | D43: 01-035 | E43: CR ROOM | F43: TRUE | G43: FALSE | H43: FALSE | I43: FALSE | J43: FALSE | K43: 10 | L43: =(BOHL01[[#This Row],[Column8]]-M43) -> 10
B44: 46049 | C44: Tarik | D44: 01-036 | E44: ELECTRICAL ROOM | F44: TRUE | G44: FALSE | H44: FALSE | I44: FALSE | J44: FALSE | K44: 12 | L44: =(BOHL01[[#This Row],[Column8]]-M44) -> 12 | M44: 0
B45: 46049 | C45: Naser | D45: 01-037 | E45: ELECTRICAL ROOM | F45: TRUE | G45: FALSE | H45: FALSE | I45: FALSE | J45: FALSE | K45: 8 | L45: =(BOHL01[[#This Row],[Column8]]-M45) -> 8 | M45: 0
D46: 01-038 | E46: IRRIGATION PUMP ROOM | F46: FALSE | G46: FALSE | H46: FALSE | I46: FALSE | J46: FALSE | L46: =(BOHL01[[#This Row],[Column8]]-M46) -> 0
D47: 01-039 | E47: IRRIGATION WATER TANK - 2 | F47: FALSE | G47: FALSE | H47: FALSE | I47: FALSE | J47: FALSE | L47: =(BOHL01[[#This Row],[Column8]]-M47) -> 0
D48: 01-040 | E48: IRRIGATION WATER TANK - 1 | F48: FALSE | G48: FALSE | H48: FALSE | I48: FALSE | J48: FALSE | L48: =(BOHL01[[#This Row],[Column8]]-M48) -> 0
D49: 01-041 | E49: POTABLE WATER PUMP ROOM | F49: FALSE | G49: FALSE | H49: FALSE | I49: FALSE | J49: FALSE | L49: =(BOHL01[[#This Row],[Column8]]-M49) -> 0
D50: 01-042 | E50: POTABLE WATER TANK - 2 | F50: FALSE | G50: FALSE | H50: FALSE | I50: FALSE | J50: FALSE | L50: =(BOHL01[[#This Row],[Column8]]-M50) -> 0
D51: 01-043 | E51: POTABLE WATER TANK - 1 | F51: FALSE | G51: FALSE | H51: FALSE | I51: FALSE | J51: FALSE | L51: =(BOHL01[[#This Row],[Column8]]-M51) -> 0
B52: 46042 | C52: Abdulrahman | D52: 01-044 | E52: GSM ROOM | F52: TRUE | G52: TRUE | H52: FALSE | I52: FALSE | J52: FALSE | K52: 20 | L52: =(BOHL01[[#This Row],[Column8]]-M52) -> 5 | M52: 15
B53: 46125 | C53: Akram | D53: 01-045 | E53: INCOMING SERVICE ROOM | F53: TRUE | G53: TRUE | H53: FALSE | I53: FALSE | J53: FALSE | K53: 21 | L53: =(BOHL01[[#This Row],[Column8]]-M53) -> 17 | M53: 4
B54: 46035 | C54: Prasanna | D54: 01-046 | E54: ELECTRICAL ROOM | F54: TRUE | G54: TRUE | H54: FALSE | I54: FALSE | J54: FALSE | K54: 10 | L54: =(BOHL01[[#This Row],[Column8]]-M54) -> 2 | M54: 8
B55: 46036 | C55: Nasser | D55: 01-047 | E55: SERVICE CORRIDOR | F55: TRUE | G55: TRUE | H55: FALSE | I55: FALSE | J55: FALSE | K55: 14 | L55: =(BOHL01[[#This Row],[Column8]]-M55) -> 7 | M55: 7
B56: 46048 | C56: Hafil | D56: 01-048 | E56: ADA TOILET | F56: TRUE | G56: TRUE | H56: FALSE | I56: FALSE | J56: FALSE | K56: 14 | L56: =(BOHL01[[#This Row],[Column8]]-M56) -> 0 | M56: 14
D57: 01-049 | E57: CIRCULATION | F57: FALSE | G57: FALSE | H57: FALSE | I57: FALSE | J57: FALSE | L57: =(BOHL01[[#This Row],[Column8]]-M57) -> 0
B58: 46037 | C58: Ibrar | D58: 01-050 | E58: SECURITY WORK STATIONS/ CCTV MONITORS | F58: TRUE | G58: FALSE | H58: FALSE | I58: FALSE | J58: FALSE | K58: 1 | L58: =(BOHL01[[#This Row],[Column8]]-M58) -> 1 | M58: 0
B59: 46035 | C59: Surish | D59: 01-051 | E59: SECURITY MANAGER'S OFFICE + ASSISTANT | F59: TRUE | G59: TRUE | H59: FALSE | I59: FALSE | J59: FALSE | K59: 25 | L59: =(BOHL01[[#This Row],[Column8]]-M59) -> 6 | M59: 19
B60: 46035 | C60: Ibrar | D60: 01-052 | E60: MCR - SECURITY ROOM | F60: TRUE | G60: TRUE | H60: FALSE | I60: FALSE | J60: FALSE | K60: 13 | L60: =(BOHL01[[#This Row],[Column8]]-M60) -> 6 | M60: 7
B61: 46035 | C61: Ibrar | D61: 01-052a | E61: MCR - ICT | F61: TRUE | G61: TRUE | H61: FALSE | I61: FALSE | J61: FALSE | K61: 20 | L61: =(BOHL01[[#This Row],[Column8]]-M61) -> 11 | M61: 9
B62: 46035 | C62: Ibrar | D62: 01-053 | E62: IT STORAGE | F62: TRUE | G62: TRUE | H62: FALSE | I62: FALSE | J62: FALSE | K62: 11 | L62: =(BOHL01[[#This Row],[Column8]]-M62) -> 0 | M62: 11
B63: 46035 | C63: Ibrar | D63: 01-054 | E63: IT DIRECTOR | F63: TRUE | G63: TRUE | H63: FALSE | I63: FALSE | J63: FALSE | K63: 6 | L63: =(BOHL01[[#This Row],[Column8]]-M63) -> 1 | M63: 5
B64: 46035 | C64: Ibrar | D64: 01-055 | E64: IT WORKSTATION | F64: TRUE | G64: TRUE | H64: FALSE | I64: FALSE | J64: FALSE | K64: 8 | L64: =(BOHL01[[#This Row],[Column8]]-M64) -> 1 | M64: 7
B65: 46035 | C65: Abdulrahman | D65: 01-056 | E65: SERVICE CORRIDOR | F65: TRUE | G65: TRUE | H65: FALSE | I65: FALSE | J65: FALSE | K65: 22 | L65: =(BOHL01[[#This Row],[Column8]]-M65) -> 5 | M65: 17
B66: 46035 | C66: Abdulrahman | D66: 01-057 | E66: IBMS ROOM | F66: TRUE | G66: TRUE | H66: FALSE | I66: FALSE | J66: FALSE | K66: 27 | L66: =(BOHL01[[#This Row],[Column8]]-M66) -> 9 | M66: 18
B67: 46035 | C67: Abdulrahman | D67: 01-058 | E67: DIRECTOR'S OFFICE | F67: TRUE | G67: TRUE | H67: FALSE | I67: FALSE | J67: FALSE | K67: 8 | L67: =(BOHL01[[#This Row],[Column8]]-M67) -> 3 | M67: 5
B68: 46035 | C68: Hafil | D68: 01-059 | E68: ELECTRCAL & UPS ROOM | F68: TRUE | G68: TRUE | H68: FALSE | I68: FALSE | J68: FALSE | K68: 13 | L68: =(BOHL01[[#This Row],[Column8]]-M68) -> 1 | M68: 12
B69: 46035 | C69: Ibrar | D69: 01-060 | E69: SOILED HOLDING | F69: TRUE | G69: TRUE | H69: FALSE | I69: FALSE | J69: FALSE | K69: 21 | L69: =(BOHL01[[#This Row],[Column8]]-M69) -> 4 | M69: 17
B70: 46035 | C70: Ibrar | D70: 01-060a | E70: SORTING AREA - WEIGH STATION | F70: TRUE | G70: TRUE | H70: FALSE | I70: FALSE | J70: FALSE | K70: 5 | L70: =(BOHL01[[#This Row],[Column8]]-M70) -> 1 | M70: 4
B71: 46035 | C71: Brigitta | D71: 01-061 | E71: GUEST LAUNDRY - WASHER/DRYER, WORK TABLE ,SHIRT/PANT PRESS | F71: TRUE | G71: TRUE | H71: FALSE | I71: FALSE | J71: FALSE | K71: 14 | L71: =(BOHL01[[#This Row],[Column8]]-M71) -> 0 | M71: 14 | O71: Stage 1a Completion of Operator Inspection (Pre FFE) | R71: Stage 1b Completion of De-Snagging and close out operator Comments/Deep Cleaning
B72: 46035 | C72: Brigitta | D72: 01-062 | E72: CHEMICAL STORAGE | F72: TRUE | G72: TRUE | H72: FALSE | I72: FALSE | J72: FALSE | K72: 7 | L72: =(BOHL01[[#This Row],[Column8]]-M72) -> 1 | M72: 6 | O72: TOTAL | P72: =P73+P74 -> 382 | R72: TOTAL | S72: =S73+S74 -> 382
B73: 46035 | C73: Prasanna | D73: 01-063 | E73: BULK LINEN STORE (CARTS) | F73: TRUE | G73: TRUE | H73: FALSE | I73: FALSE | J73: FALSE | K73: 7 | L73: =(BOHL01[[#This Row],[Column8]]-M73) -> 3 | M73: 4 | O73: completed | P73: =COUNTIFS(F7:F388,TRUE) -> 201 | R73: completed | S73: =COUNTIFS(G7:G388,TRUE) -> 165
B74: 46035 | C74: Prasanna | D74: 01-063a | E74: CLEAN LINEN STORAGE | F74: TRUE | G74: TRUE | H74: FALSE | I74: FALSE | J74: FALSE | K74: 11 | L74: =(BOHL01[[#This Row],[Column8]]-M74) -> 2 | M74: 9 | O74: pending | P74: =COUNTIFS(F7:F388,FALSE) -> 181 | R74: pending | S74: =COUNTIFS(G7:G388,FALSE) -> 217
B75: 46035 | C75: Brigitta | D75: 01-064 | E75: LAUNDRY WORK STATIONS | F75: TRUE | G75: TRUE | H75: FALSE | I75: FALSE | J75: FALSE | K75: 30 | L75: =(BOHL01[[#This Row],[Column8]]-M75) -> 18 | M75: 12
B76: 46124 | C76: Abdulrahman | D76: 01-065 | E76: LAUNDRY OFFICE | F76: TRUE | G76: TRUE | H76: FALSE | I76: FALSE | J76: FALSE | K76: 16 | L76: =(BOHL01[[#This Row],[Column8]]-M76) -> 5 | M76: 11
B77: 46042 | C77: Nasser | D77: 01-066 | E77: DISPATCH / ASSEMBLY | F77: TRUE | G77: TRUE | H77: FALSE | I77: FALSE | J77: FALSE | K77: 19 | L77: =(BOHL01[[#This Row],[Column8]]-M77) -> 2 | M77: 17
B78: 46042 | C78: Tarik | D78: 01-067 | E78: COMPRESSOR ROOM | F78: TRUE | G78: TRUE | H78: FALSE | I78: FALSE | J78: FALSE | K78: 27 | L78: =(BOHL01[[#This Row],[Column8]]-M78) -> 7 | M78: 20
B79: 46042 | C79: Akram | D79: 01-068 | E79: ROOM AMENITIES STORAGE | F79: TRUE | G79: TRUE | H79: FALSE | I79: FALSE | J79: FALSE | K79: 14 | L79: =(BOHL01[[#This Row],[Column8]]-M79) -> 1 | M79: 13
B80: 46042 | C80: Thayalaraj | D80: 01-069 | E80: NIGHT CLEANERS STORAGE | F80: TRUE | G80: TRUE | H80: FALSE | I80: FALSE | J80: FALSE | K80: 25 | L80: =(BOHL01[[#This Row],[Column8]]-M80) -> 2 | M80: 23
B81: 46042 | C81: Hafil | D81: 01-070 | E81: CLEANING MACHINE STORAGE | F81: TRUE | G81: TRUE | H81: FALSE | I81: FALSE | J81: FALSE | K81: 4 | L81: =(BOHL01[[#This Row],[Column8]]-M81) -> 2 | M81: 2
D82: 01-071 | E82: NEW TEXTILES STORAGE | F82: FALSE | G82: FALSE | H82: FALSE | I82: FALSE | J82: FALSE | L82: =(BOHL01[[#This Row],[Column8]]-M82) -> 0
B83: 46042 | C83: Hafil | D83: 01-071 | E83: HOUSEKEEPING STORAGE | F83: TRUE | G83: TRUE | H83: FALSE | I83: FALSE | J83: FALSE | K83: 9 | L83: =(BOHL01[[#This Row],[Column8]]-M83) -> 0 | M83: 9
D84: 01-071 | E84: DEAD STORAGE | F84: TRUE | G84: FALSE | H84: FALSE | I84: FALSE | J84: FALSE | L84: =(BOHL01[[#This Row],[Column8]]-M84) -> 0
D85: 01-071 | E85: CIRCULATION | F85: TRUE | G85: FALSE | H85: FALSE | I85: FALSE | J85: FALSE | L85: =(BOHL01[[#This Row],[Column8]]-M85) -> 0
D86: 01-071 | E86: F&B TEXTILE STORAGE | F86: TRUE | G86: FALSE | H86: FALSE | I86: FALSE | J86: FALSE | L86: =(BOHL01[[#This Row],[Column8]]-M86) -> 0
D87: 01-071 | E87: STATIONERY & PAPER GOODS | F87: TRUE | G87: FALSE | H87: FALSE | I87: FALSE | J87: FALSE | L87: =(BOHL01[[#This Row],[Column8]]-M87) -> 0
B88: 46128 | C88: Thayalaraj | D88: 01-072 | E88: LOST & FOUND | F88: TRUE | G88: TRUE | H88: FALSE | I88: FALSE | J88: FALSE | K88: 13 | L88: =(BOHL01[[#This Row],[Column8]]-M88) -> 6 | M88: 7
B89: 46042 | C89: Akram | D89: 01-073 | E89: BRIEFING AREA | F89: TRUE | G89: TRUE | H89: FALSE | I89: FALSE | J89: FALSE | K89: 15 | L89: =(BOHL01[[#This Row],[Column8]]-M89) -> 3 | M89: 12
D90: 01-073a | E90: HOUSEKEEPING WORK STATIONS | F90: FALSE | G90: FALSE | H90: FALSE | I90: FALSE | J90: FALSE | L90: =(BOHL01[[#This Row],[Column8]]-M90) -> 0
D91: 01-073b | E91: EXECUTIVE HOUSEKEEPER OFFICE | F91: FALSE | G91: FALSE | H91: FALSE | I91: FALSE | J91: FALSE | L91: =(BOHL01[[#This Row],[Column8]]-M91) -> 0
B92: 46124 | C92: Elsayed | D92: 01-074 | E92: CIRCULATION | F92: TRUE | G92: FALSE | H92: FALSE | I92: FALSE | J92: FALSE | K92: 6 | L92: =(BOHL01[[#This Row],[Column8]]-M92) -> 6 | M92: 0
B93: 46042 | C93: Abdulrahman | D93: 01-075 | E93: FITTING STALL | F93: TRUE | G93: TRUE | H93: FALSE | I93: FALSE | J93: FALSE | K93: 9 | L93: =(BOHL01[[#This Row],[Column8]]-M93) -> 2 | M93: 7
B94: 46042 | C94: Abdulrahman | D94: 01-076 | E94: BACKUP UNIFORM STORAGE & ISSUE | F94: TRUE | G94: TRUE | H94: FALSE | I94: FALSE | J94: FALSE | K94: 24 | L94: =(BOHL01[[#This Row],[Column8]]-M94) -> 5 | M94: 19
B95: 46128 | C95: Mosab | D95: 01-076a | E95: SEAMSTRESS | F95: TRUE | G95: TRUE | H95: FALSE | I95: FALSE | J95: FALSE | K95: 4 | L95: =(BOHL01[[#This Row],[Column8]]-M95) -> 1 | M95: 3
B96: 46121 | C96: Hafil | D96: 01-077 | E96: STAFF CUE AREA | F96: TRUE | G96: TRUE | H96: FALSE | I96: FALSE | J96: FALSE | K96: 13 | L96: =(BOHL01[[#This Row],[Column8]]-M96) -> 1 | M96: 12
D97: 01-078 | E97: HVAC SHAFT | F97: TRUE | G97: TRUE | H97: FALSE | I97: FALSE | J97: FALSE | K97: 12 | L97: =(BOHL01[[#This Row],[Column8]]-M97) -> 3 | M97: 9
B98: 46121 | C98: Ibrar | D98: 01-079 | E98: RECEIVING OFFICE | F98: TRUE | G98: TRUE | H98: FALSE | I98: FALSE | J98: FALSE | K98: 10 | L98: =(BOHL01[[#This Row],[Column8]]-M98) -> 0 | M98: 10
B99: 46121 | C99: Ibrar | D99: 01-079a | E99: PURCHASING OFFICE | F99: TRUE | G99: TRUE | H99: FALSE | I99: FALSE | J99: FALSE | K99: 5 | L99: =(BOHL01[[#This Row],[Column8]]-M99) -> 0 | M99: 5
D100: 01-080 | E100: SECURE HOLDING ROOM | F100: FALSE | G100: FALSE | H100: FALSE | I100: FALSE | J100: FALSE | L100: =(BOHL01[[#This Row],[Column8]]-M100) -> 0
B101: 46121 | C101: Ibrar | D101: 01-081 | E101: DRIVER'S TOILET | F101: TRUE | G101: TRUE | H101: FALSE | I101: FALSE | J101: FALSE | K101: 20 | L101: =(BOHL01[[#This Row],[Column8]]-M101) -> 1 | M101: 19
B102: 46121 | C102: Mosab | D102: 01-082 | E102: SECURITY OFFICE | F102: TRUE | G102: TRUE | H102: FALSE | I102: FALSE | J102: FALSE | K102: 15 | L102: =(BOHL01[[#This Row],[Column8]]-M102) -> 5 | M102: 10
D103: 01-083 | E103: STAFF/VISITOR REGISTRATION COUNTER/TIME CLOCK/ID CHECK | F103: FALSE | G103: FALSE | H103: FALSE | I103: FALSE | J103: FALSE | L103: =(BOHL01[[#This Row],[Column8]]-M103) -> 0
...

Sheet BOH L02
B2: MENU
B5: SNAGGED DATE | C5: SNAGGED BY | D5: ROOM NO. | E5: ROOM NAME | F5: Stage 1a Completion of Operator Inspection (Pre FFE) | G5: Stage 1b Completion of De-Snagging and close out operator Comments/Deep Cleaning | H5: Completion of FF&E installation | I5: Stage 2a Completion of Operator Inspection (Post FFE) | J5: Stage 2b Completion of De-Snagging /Sparkle Cleaning and handover | K5: Total Snag Raised | L5: Total Snag Open | M5: Total Snag Closed | Z5: list
D6: Column1 | E6: Column2 | F6: Column3 | G6: Column4 | H6: Column5 | I6: Column6 | J6: Column7 | K6: Column8 | L6: Column9 | M6: Column10 | O6: Stage 1a Completion of Operator Inspection (Pre FFE) | R6: Stage 1b Completion of De-Snagging and close out operator Comments/Deep Cleaning
D7: 02-002 | E7: SERVICE PANTRY | F7: FALSE | G7: FALSE | H7: FALSE | I7: FALSE | J7: FALSE
D8: 02-004 | E8: Waste Holding | F8: FALSE | G8: FALSE | H8: FALSE | I8: FALSE | J8: FALSE
D9: 02-006 | E9: BUTLER REST AREA | F9: FALSE | G9: FALSE | H9: FALSE | I9: FALSE | J9: FALSE | O9: TOTAL | P9: =P10+P11 -> 39 | R9: TOTAL | S9: =S10+S11 -> 39
D10: 02-008 | E10: CLEAN LINEN & HOUSEKEEPING STORAGE | F10: FALSE | G10: FALSE | H10: FALSE | I10: FALSE | J10: FALSE | O10: completed | P10: =COUNTIFS(F7:F45,TRUE) -> 0 | R10: completed | S10: =COUNTIFS(G7:G45,TRUE) -> 0
D11: 02-010 | E11: MAIN CIRCULATION | F11: FALSE | G11: FALSE | H11: FALSE | I11: FALSE | J11: FALSE | O11: pending | P11: =COUNTIFS(F7:F45,FALSE) -> 39 | R11: pending | S11: =COUNTIFS(G7:G45,FALSE) -> 39
D12: 02-012 | E12: ELECTRICAL ROOM | F12: FALSE | G12: FALSE | H12: FALSE | I12: FALSE | J12: FALSE
D13: 02-014 | E13: MAIN CIRCULATION | F13: FALSE | G13: FALSE | H13: FALSE | I13: FALSE | J13: FALSE
D14: 02-016 | E14: HVAC SHAFT | F14: FALSE | G14: FALSE | H14: FALSE | I14: FALSE | J14: FALSE
D15: 02-020 | E15: MAIN CIRCULATION | F15: FALSE | G15: FALSE | H15: FALSE | I15: FALSE | J15: FALSE
D16: 02-022 | E16: SERVICE CORRIDOR | F16: FALSE | G16: FALSE | H16: FALSE | I16: FALSE | J16: FALSE
D17: 02-024 | E17: SERVICE CORRIDOR | F17: FALSE | G17: FALSE | H17: FALSE | I17: FALSE | J17: FALSE
D18: 02-028 | E18: CR ROOM | F18: FALSE | G18: FALSE | H18: FALSE | I18: FALSE | J18: FALSE
D19: 02-030 | E19: CART PARKING AREA | F19: FALSE | G19: FALSE | H19: FALSE | I19: FALSE | J19: FALSE
D20: 02-033 | E20: HOUSEKEEPING & SERVICE PANTRY | F20: FALSE | G20: FALSE | H20: FALSE | I20: FALSE | J20: FALSE
D21: 02-036 | E21: GUEST LIFT LOBBY | F21: FALSE | G21: FALSE | H21: FALSE | I21: FALSE | J21: FALSE
D22: 02-038 | E22: CART PARKING AREA | F22: FALSE | G22: FALSE | H22: FALSE | I22: FALSE | J22: FALSE
D23: 02-040 | E23: CR ROOM | F23: FALSE | G23: FALSE | H23: FALSE | I23: FALSE | J23: FALSE
... D45: 02-085 | E45: CHERRY PICKER PARKING | F45: FALSE | G45: FALSE | H45: FALSE | I45: FALSE | J45: FALSE
K46: =SUM(Table25[Column8]) -> 0 | L46: =SUM(Table25[Column9]) -> 0 | M46: =SUM(Table25[Column10]) -> 0

Sheet BOH L03
B2: MENU
B5: SNAGGED DATE | C5: SNAGGED BY | D5: ROOM NO. | E5: ROOM NAME | F5: Stage 1a Completion of Operator Inspection (Pre FFE) | G5: Stage 1b Completion of De-Snagging and close out operator Comments/Deep Cleaning | H5: Completion of FF&E installation | I5: Stage 2a Completion of Operator Inspection (Post FFE) | J5: Stage 2b Completion of De-Snagging /Sparkle Cleaning and handover | K5: Total Snag Raised | L5: Total Snag Open | M5: Total Snag Closed | Z5: list
D6: Column1 | E6: Column2 | F6: Column3 | G6: Column4 | H6: Column5 | I6: Column6 | J6: Column7 | K6: Column8 | L6: Column9 | M6: Column10
D7: 03-003 | E7: GOURMET BISTRO DINING | F7: FALSE | G7: FALSE | H7: FALSE | I7: FALSE | J7: FALSE
D8: 03-005 | E8: MAIN CIRCULATION | F8: FALSE | G8: FALSE | H8: FALSE | I8: FALSE | J8: FALSE | O8: Stage 1a Completion of Operator Inspection (Pre FFE) | R8: Stage 1b Completion of De-Snagging and close out operator Comments/Deep Cleaning
D9: 03-007 | E9: CR ROOM | F9: FALSE | G9: FALSE | H9: FALSE | I9: FALSE | J9: FALSE
D10: 03-009 | E10: PANTRY VENTILATION | F10: FALSE | G10: FALSE | H10: FALSE | I10: FALSE | J10: FALSE
D11: 03-011 | E11: SERVICE LIFT LOBBY | F11: FALSE | G11: FALSE | H11: FALSE | I11: FALSE | J11: FALSE | O11: TOTAL | P11: =P12+P13 -> 38 | R11: TOTAL | S11: =S12+S13 -> 38
D12: 03-013 | E12: MEP SERVICE CORRIDOR | F12: FALSE | G12: FALSE | H12: FALSE | I12: FALSE | J12: FALSE | O12: completed | P12: =COUNTIFS(F7:F44,TRUE) -> 0 | R12: completed | S12: =COUNTIFS(G7:G44,TRUE) -> 0
D13: 03-016 | E13: GOURMET BESTRO AHU ROOM | F13: FALSE | G13: FALSE | H13: FALSE | I13: FALSE | J13: FALSE | O13: pending | P13: =COUNTIFS(F7:F44,FALSE) -> 38 | R13: pending | S13: =COUNTIFS(G7:G44,FALSE) -> 38
D14: 03-018 | E14: HVAC SHAFT | F14: FALSE | G14: FALSE | H14: FALSE | I14: FALSE | J14: FALSE
D15: 03-020 | E15: GUEST LIFT LOBBY | F15: FALSE | G15: FALSE | H15: FALSE | I15: FALSE | J15: FALSE
D16: 03-023 | E16: DIRTY LINEN HOLDING | F16: FALSE | G16: FALSE | H16: FALSE | I16: FALSE | J16: FALSE
D17: 03-026 | E17: ELECTRICAL ROOM | F17: FALSE | G17: FALSE | H17: FALSE | I17: FALSE | J17: FALSE
D18: 03-028 | E18: SERVICE LIFT LOBBY | F18: FALSE | G18: FALSE | H18: FALSE | I18: FALSE | J18: FALSE
D19: 03-030 | E19: HVAC SHAFT | F19: FALSE | G19: FALSE | H19: FALSE | I19: FALSE | J19: FALSE
D20: 03-032 | E20: ELECTRICAL ROOM | F20: FALSE | G20: FALSE | H20: FALSE | I20: FALSE | J20: FALSE
D21: 03-034 | E21: MEP SERVICE CORRIDOR | F21: FALSE | G21: FALSE | H21: FALSE | I21: FALSE | J21: FALSE
D22: 03-037 | E22: CART PARKING AREA | F22: FALSE | G22: FALSE | H22: FALSE | I22: FALSE | J22: FALSE
D23: 03-038 | E23: SERVICE LIFT LOBBY | F23: FALSE | G23: FALSE | H23: FALSE | I23: FALSE | J23: FALSE
D24: 03-040 | E24: GUEST LIFT LOBBY | F24: FALSE | G24: FALSE | H24: FALSE | I24: FALSE | J24: FALSE
D25: 03-042 | E25: DIRTY LINEN HOLDING | F25: FALSE | G25: FALSE | H25: FALSE | I25: FALSE | J25: FALSE
... D44: 03-081 | E44: ELV SHAFT | F44: FALSE | G44: FALSE | H44: FALSE | I44: FALSE | J44: FALSE
K45: =SUM(K7:K44) -> 0 | L45: =SUM(L7:L44) -> 0 | M45: =SUM(M7:M44) -> 0

Sheet BOH L04
B2: MENU
B5: SNAGGED DATE | C5: SNAGGED BY | D5: ROOM NO. | E5: ROOM NAME | F5: Stage 1a Completion of Operator Inspection (Pre FFE) | G5: Stage 1b Completion of De-Snagging and close out operator Comments/Deep Cleaning | H5: Completion of FF&E installation | I5: Stage 2a Completion of Operator Inspection (Post FFE) | J5: Stage 2b Completion of De-Snagging /Sparkle Cleaning and handover | K5: Total Snag Raised | L5: Total Snag Open | M5: Total Snag Closed | Z5: list
D6: Column1 | E6: Column2 | F6: Column3 | G6: Column4 | H6: Column5 | I6: Column6 | J6: Column7 | K6: Column8 | L6: Column9 | M6: Column10
D7: 04-000E | E7: DISABLED TOILET | F7: FALSE | G7: FALSE | H7: FALSE | I7: FALSE | J7: FALSE
D8: 04-001 | E8: SUNSET BAR PANTRY | F8: FALSE | G8: FALSE | H8: FALSE | I8: FALSE | J8: FALSE
D9: 04-003 | E9: AHU ROOM | F9: FALSE | G9: FALSE | H9: FALSE | I9: FALSE | J9: FALSE
D10: 04-005 | E10: TRAINING COORDINATOR | F10: FALSE | G10: FALSE | H10: FALSE | I10: FALSE | J10: FALSE
D11: 04-007 | E11: CIRCULATION | F11: FALSE | G11: FALSE | H11: FALSE | I11: FALSE | J11: FALSE
D12: 04-009 | E12: HR COORDINATOR | F12: FALSE | G12: FALSE | H12: FALSE | I12: FALSE | J12: FALSE
D13: 04-011 | E13: F&B MANAGER | F13: FALSE | G13: FALSE | H13: FALSE | I13: FALSE | J13: FALSE | O13: Stage 1a Completion of Operator Inspection (Pre FFE) | R13: Stage 1b Completion of De-Snagging and close out operator Comments/Deep Cleaning
D14: 04-013 | E14: F&B RESERVATIONS | F14: FALSE | G14: FALSE | H14: FALSE | I14: FALSE | J14: FALSE
D15: 04-015 | E15: F&B ADMIN. ASSISTANT | F15: FALSE | G15: FALSE | H15: FALSE | I15: FALSE | J15: FALSE
D16: 04-017 | E16: F&B ASSIST. DIR. OF CATERING / EVENT | F16: FALSE | G16: FALSE | H16: FALSE | I16: FALSE | J16: FALSE | O16: TOTAL | P16: =P17+P18 -> 48 | R16: TOTAL | S16: =S17+S18 -> 48
D17: 04-019 | E17: F&B DIRECTOR OF REVENUE MNG. | F17: FALSE | G17: FALSE | H17: FALSE | I17: FALSE | J17: FALSE | O17: completed | P17: =COUNTIFS(F7:F54,TRUE) -> 0 | R17: completed | S17: =COUNTIFS(G7:G54,TRUE) -> 0
D18: 04-020a | E18: FINANCE - FILING | F18: FALSE | G18: FALSE | H18: FALSE | I18: FALSE | J18: FALSE | O18: pending | P18: =COUNTIFS(F7:F54,FALSE) -> 48 | R18: pending | S18: =COUNTIFS(G7:G54,FALSE) -> 48
D19: 04-022 | E19: FEMALE TOILET | F19: FALSE | G19: FALSE | H19: FALSE | I19: FALSE | J19: FALSE
D20: 04-024 | E20: CIRCULATION | F20: FALSE | G20: FALSE | H20: FALSE | I20: FALSE | J20: FALSE
D21: 04-026 | E21: PANTRY | F21: FALSE | G21: FALSE | H21: FALSE | I21: FALSE | J21: FALSE
D22: 04-028 | E22: CR ROOM | F22: FALSE | G22: FALSE | H22: FALSE | I22: FALSE | J22: FALSE
D23: 04-030 | E23: SERVICE LIFT LOBBY | F23: FALSE | G23: FALSE | H23: FALSE | I23: FALSE | J23: FALSE
D24: 04-033 | E24: HVAC SHAFT | F24: FALSE | G24: FALSE | H24: FALSE | I24: FALSE | J24: FALSE
D25: 04-034 | E25: HVAC SHAFT | F25: FALSE | G25: FALSE | H25: FALSE | I25: FALSE | J25: FALSE
D26: 04-035b | E26: CART PARKING AREA | F26: FALSE | G26: FALSE | H26: FALSE | I26: FALSE | J26: FALSE
D27: 04-037 | E27: MAIN FHAU | F27: FALSE | G27: FALSE | H27: FALSE | I27: FALSE | J27: FALSE
D28: 04-039 | E28: BUTLER'S REST AREA | F28: FALSE | G28: FALSE | H28: FALSE | I28: FALSE | J28: FALSE
D29: 04-041 | E29: DIRTY LINEN HOLDING | F29: FALSE | G29: FALSE | H29: FALSE | I29: FALSE | J29: FALSE
D30: 04-043 | E30: DIRTY LINEN HOLDING | F30: FALSE | G30: FALSE | H30: FALSE | I30: FALSE | J30: FALSE
... D54: 04-103 | E54: CHERRY PICKER PARKING | F54: FALSE | G54: FALSE | H54: FALSE | I54: FALSE | J54: FALSE
K55: =SUM(Table27[Column8]) -> 0 | L55: =SUM(Table27[Column9]) -> 0 | M55: =SUM(Table27[Column10]) -> 0

Sheet Guest Room 
B2: MENU
B4: CLUTERS | C4: Area | D4: No of Keys | E4: Stage 1a Completion of Operator Inspection (Pre FFE) | F4: Stage 1b Completion of De-Snagging and close out operator Comments/Deep Cleaning | G4: Completion of FF&E installation | H4: Stage 2a Completion of Operator Inspection (Post FFE) | I4: Stage 2b Completion of De-Snagging /Sparkle Cleaning and handover | J4: Total Snag Raised | K4: Total Snag Open | L4: Total Snag Closed | O4: Stage 1a Completion of Operator Inspection (Pre FFE) | Q4: Stage 1b Completion of De-Snagging and close out operator Comments/Deep Cleaning
C5: Column1 | D5: Column2 | E5: Column3 | F5: Column4 | G5: Column5 | H5: Column6 | I5: Column7 | J5: Column8 | K5: Column9 | L5: Column10
B6: CLUSTER "A" | C6: A0 | D6: 4 | E6: TRUE | F6: TRUE | G6: FALSE | H6: FALSE | I6: FALSE | J6: 400 | K6: =J6-L6 -> 139 | L6: 261 | O6: TOTAL | P6: =P7+P8 -> 84 | Q6: TOTAL | R6: =R7+R8 -> 84
C7: A1 | D7: 4 | E7: TRUE | F7: TRUE | G7: FALSE | H7: FALSE | I7: FALSE | J7: 436 | K7: =J7-L7 -> 99 | L7: 337 | O7: completed | P7: =COUNTIFS(E6:E89,TRUE) -> 34 | Q7: completed | R7: =COUNTIFS(F6:F89,TRUE) -> 29
C8: A2 | D8: 6 | E8: FALSE | F8: FALSE | G8: FALSE | H8: FALSE | I8: FALSE | K8: =J8-L8 -> 0 | O8: pending | P8: =COUNTIFS(E6:E89,FALSE) -> 50 | Q8: pending | R8: =COUNTIFS(F6:F89,FALSE) -> 55
C9: A3 | D9: 4 | E9: FALSE | F9: FALSE | G9: FALSE | H9: FALSE | I9: FALSE | K9: =J9-L9 -> 0
C10: A4 | D10: 4 | E10: FALSE | F10: FALSE | G10: FALSE | H10: FALSE | I10: FALSE | K10: =J10-L10 -> 0
B11: CLUSTER "B" | C11: B0 | D11: 8 | E11: TRUE | F11: TRUE | G11: FALSE | H11: FALSE | I11: FALSE | J11: 840 | K11: =J11-L11 -> 318 | L11: 522
C12: B1 | D12: 8 | E12: TRUE | F12: TRUE | G12: FALSE | H12: FALSE | I12: FALSE | J12: 805 | K12: =J12-L12 -> 348 | L12: 457
C13: B2 | D13: 5 | E13: FALSE | F13: FALSE | G13: FALSE | H13: FALSE | I13: FALSE | K13: =J13-L13 -> 0
C14: B3 | D14: 5 | E14: FALSE | F14: FALSE | G14: FALSE | H14: FALSE | I14: FALSE | K14: =J14-L14 -> 0
C15: B4 | D15: 4 | E15: FALSE | F15: FALSE | G15: FALSE | H15: FALSE | I15: FALSE | K15: =J15-L15 -> 0
B16: CLUSTER "C" | C16: C0 | D16: 6 | E16: TRUE | F16: TRUE | G16: FALSE | H16: FALSE | I16: FALSE | J16: 484 | K16: =J16-L16 -> 278 | L16: 206
C17: C1 | D17: 6 | E17: TRUE | F17: TRUE | G17: FALSE | H17: FALSE | I17: FALSE | J17: 573 | K17: =J17-L17 -> 335 | L17: 238
C18: C2 | D18: 4 | E18: FALSE | F18: FALSE | G18: FALSE | H18: FALSE | I18: FALSE | K18: =J18-L18 -> 0
C19: C3 | D19: 4 | E19: FALSE | F19: FALSE | G19: FALSE | H19: FALSE | I19: FALSE | K19: =J19-L19 -> 0
C20: C4 | D20: 8 | E20: FALSE | F20: FALSE | G20: FALSE | H20: FALSE | I20: FALSE | K20: =J20-L20 -> 0
B21: CLUSTER "D" | C21: D0 | D21: 7 | E21: TRUE | F21: TRUE | G21: FALSE | H21: FALSE | I21: FALSE | J21: 549 | K21: =J21-L21 -> 329 | L21: 220
C22: D1 | D22: 7 | E22: TRUE | F22: TRUE | G22: FALSE | H22: FALSE | I22: FALSE | J22: 271 | K22: =J22-L22 -> 160 | L22: 111
C23: D2 | D23: 4 | E23: FALSE | F23: FALSE | G23: FALSE | H23: FALSE | I23: FALSE | K23: =J23-L23 -> 0
C24: D3 | D24: 4 | E24: FALSE | F24: FALSE | G24: FALSE | H24: FALSE | I24: FALSE | K24: =J24-L24 -> 0
C25: D4 | D25: 6 | E25: FALSE | F25: FALSE | G25: FALSE | H25: FALSE | I25: FALSE | K25: =J25-L25 -> 0
B26: CLUSTER "E" | C26: E0 | D26: 8 | E26: TRUE | F26: TRUE | G26: FALSE | H26: FALSE | I26: FALSE | J26: 1070 | K26: =J26-L26 -> 397 | L26: 673
C27: E1 | D27: 8 | E27: TRUE | F27: TRUE | G27: FALSE | H27: FALSE | I27: FALSE | J27: 928 | K27: =J27-L27 -> 224 | L27: 704
C28: E2 | D28: 6 | E28: FALSE | F28: FALSE | G28: FALSE | H28: FALSE | I28: FALSE | K28: =J28-L28 -> 0
C29: E3 | D29: 6 | E29: FALSE | F29: FALSE | G29: FALSE | H29: FALSE | I29: FALSE | K29: =J29-L29 -> 0
C30: E4 | D30: 5 | E30: FALSE | F30: FALSE | G30: FALSE | H30: FALSE | I30: FALSE | K30: =J30-L30 -> 0
B31: CLUSTER "F" | C31: F0 | D31: 5 | E31: TRUE | F31: TRUE | G31: FALSE | H31: FALSE | I31: FALSE | J31: 342 | K31: =J31-L31 -> 204 | L31: 138
C32: F1 | D32: 5 | E32: TRUE | F32: TRUE | G32: FALSE | H32: FALSE | I32: FALSE | J32: 300 | K32: =J32-L32 -> 198 | L32: 102
C33: F2 | D33: 9 | E33: FALSE | F33: FALSE | G33: FALSE | H33: FALSE | I33: FALSE | K33: =J33-L33 -> 0
C34: F3 | D34: 6 | E34: FALSE | F34: FALSE | G34: FALSE | H34: FALSE | I34: FALSE | K34: =J34-L34 -> 0
C35: F4 | D35: 5 | E35: FALSE | F35: FALSE | G35: FALSE | H35: FALSE | I35: FALSE | K35: =J35-L35 -> 0
B36: CLUSTER "G" | C36: G1 | D36: 4 | E36: TRUE | F36: TRUE | G36: FALSE | H36: FALSE | I36: FALSE | J36: 283 | K36: =J36-L36 -> 190 | L36: 93
C37: G2 | D37: 4 | E37: FALSE | F37: FALSE | G37: FALSE | H37: FALSE | I37: FALSE | K37: =J37-L37 -> 0
C38: G3 | D38: 8 | E38: FALSE | F38: FALSE | G38: FALSE | H38: FALSE | I38: FALSE | K38: =J38-L38 -> 0
C39: G4 | D39: 4 | E39: FALSE | F39: FALSE | G39: FALSE | H39: FALSE | I39: FALSE | K39: =J39-L39 -> 0
B40: CLUSTER "H" | C40: H0 | D40: 6 | E40: TRUE | F40: TRUE | G40: FALSE | H40: FALSE | I40: FALSE | J40: 601 | K40: =J40-L40 -> 226 | L40: 375
C41: H1 | D41: 6 | E41: TRUE | F41: TRUE | G41: FALSE | H41: FALSE | I41: FALSE | J41: 596 | K41: =J41-L41 -> 304 | L41: 292
C42: H2 | D42: 7 | E42: FALSE | F42: FALSE | G42: FALSE | H42: FALSE | I42: FALSE | K42: =J42-L42 -> 0
C43: H3 | D43: 6 | E43: FALSE | F43: FALSE | G43: FALSE | H43: FALSE | I43: FALSE | K43: =J43-L43 -> 0
B44: CLUSTER "I" | C44: I0 | D44: 6 | E44: TRUE | F44: TRUE | G44: FALSE | H44: FALSE | I44: FALSE | J44: 425 | K44: =J44-L44 -> 121 | L44: 304
C45: I1 | D45: 6 | E45: TRUE | F45: TRUE | G45: FALSE | H45: FALSE | I45: FALSE | J45: 381 | K45: =J45-L45 -> 179 | L45: 202
C46: I2 | D46: 4 | E46: FALSE | F46: FALSE | G46: FALSE | H46: FALSE | I46: FALSE | K46: =J46-L46 -> 0
C47: I3 | D47: 4 | E47: FALSE | F47: FALSE | G47: FALSE | H47: FALSE | I47: FALSE | K47: =J47-L47 -> 0
B48: CLUSTER "J" | C48: J0 | D48: 8 | E48: TRUE | F48: TRUE | G48: FALSE | H48: FALSE | I48: FALSE | J48: 708 | K48: =J48-L48 -> 311 | L48: 397
C49: J1 | D49: 8 | E49: TRUE | F49: TRUE | G49: FALSE | H49: FALSE | I49: FALSE | J49: 801 | K49: =J49-L49 -> 305 | L49: 496
C50: J2 | D50: 7 | E50: TRUE | F50: FALSE | G50: FALSE | H50: FALSE | I50: FALSE | J50: 338 | K50: =J50-L50 -> 338
C51: J3 | D51: 8 | E51: FALSE | F51: FALSE | G51: FALSE | H51: FALSE | I51: FALSE | K51: =J51-L51 -> 0
B52: CLUSTER "K" | C52: K0 | D52: 4 | E52: TRUE | F52: TRUE | G52: FALSE | H52: FALSE | I52: FALSE | J52: 484 | K52: =J52-L52 -> 98 | L52: 386
C53: K1 | D53: 4 | E53: TRUE | F53: TRUE | G53: FALSE | H53: FALSE | I53: FALSE | J53: 532 | K53: =J53-L53 -> 136 | L53: 396
C54: K2 | D54: 4 | E54: TRUE | F54: FALSE | G54: FALSE | H54: FALSE | I54: FALSE | J54: 167 | K54: =J54-L54 -> 167
C55: K3 | D55: 5 | E55: FALSE | F55: FALSE | G55: FALSE | H55: FALSE | I55: FALSE | K55: =J55-L55 -> 0
B56: CLUSTER "L" | C56: L0 | D56: 6 | E56: TRUE | F56: TRUE | G56: FALSE | H56: FALSE | I56: FALSE | J56: 404 | K56: =J56-L56 -> 110 | L56: 294
C57: L1 | D57: 6 | E57: TRUE | F57: TRUE | G57: FALSE | H57: FALSE | I57: FALSE | J57: 431 | K57: =J57-L57 -> 82 | L57: 349
C58: L2 | D58: 7 | E58: TRUE | F58: FALSE | G58: FALSE | H58: FALSE | I58: FALSE | J58: 368 | K58: =J58-L58 -> 364 | L58: 4
B59: CLUSTER "M" | C59: M0 | D59: 8 | E59: TRUE | F59: TRUE | G59: FALSE | H59: FALSE | I59: FALSE | J59: 688 | K59: =J59-L59 -> 222 | L59: 466
C60: M1 | D60: 8 | E60: TRUE | F60: TRUE | G60: FALSE | H60: FALSE | I60: FALSE | J60: 663 | K60: =J60-L60 -> 221 | L60: 442
C61: M2 | D61: 6 | E61: TRUE | F61: FALSE | G61: FALSE | H61: FALSE | I61: FALSE | J61: 356 | K61: =J61-L61 -> 355 | L61: 1
B62: CLUSTER "N" | C62: N0 | D62: 8 | E62: TRUE | F62: TRUE | G62: FALSE | H62: FALSE | I62: FALSE | J62: 514 | K62: =J62-L62 -> 160 | L62: 354
C63: N1 | D63: 8 | E63: TRUE | F63: TRUE | G63: FALSE | H63: FALSE | I63: FALSE | J63: 486 | K63: =J63-L63 -> 152 | L63: 334
C64: N2 | D64: 6 | E64: TRUE | F64: FALSE | G64: FALSE | H64: FALSE | I64: FALSE | J64: 357 | K64: =J64-L64 -> 357
B65: CLUSTER "O" | C65: O0 | D65: 6 | E65: TRUE | F65: TRUE | G65: FALSE | H65: FALSE | I65: FALSE | J65: 430 | K65: =J65-L65 -> 102 | L65: 328
C66: O1 | D66: 6 | E66: TRUE | F66: TRUE | G66: FALSE | H66: FALSE | I66: FALSE | J66: 474 | K66: =J66-L66 -> 116 | L66: 358
B67: TAIL | C67: W1 | E67: FALSE | F67: FALSE | G67: FALSE | H67: FALSE | I67: FALSE | K67: =J67-L67 -> 0
C68: P1 | E68: FALSE | F68: FALSE | G68: FALSE | H68: FALSE | I68: FALSE | K68: =J68-L68 -> 0
C69: Q1 | E69: FALSE | F69: FALSE | G69: FALSE | H69: FALSE | I69: FALSE | K69: =J69-L69 -> 0
C70: V1 | E70: FALSE | F70: FALSE | G70: FALSE | H70: FALSE | I70: FALSE | K70: =J70-L70 -> 0
C71: U1 | E71: FALSE | F71: FALSE | G71: FALSE | H71: FALSE | I71: FALSE | K71: =J71-L71 -> 0
C72: R1 | E72: FALSE | F72: FALSE | G72: FALSE | H72: FALSE | I72: FALSE | K72: =J72-L72 -> 0
C73: S1 | E73: FALSE | F73: FALSE | G73: FALSE | H73: FALSE | I73: FALSE | K73: =J73-L73 -> 0
C74: T1 | E74: FALSE | F74: FALSE | G74: FALSE | H74: FALSE | I74: FALSE | K74: =J74-L74 -> 0
C75: W2 | E75: FALSE | F75: FALSE | G75: FALSE | H75: FALSE | I75: FALSE | K75: =J75-L75 -> 0
C76: P2 | E76: FALSE | F76: FALSE | G76: FALSE | H76: FALSE | I76: FALSE | K76: =J76-L76 -> 0
C77: Q2 | E77: FALSE | F77: FALSE | G77: FALSE | H77: FALSE | I77: FALSE | K77: =J77-L77 -> 0
C78: V2 | E78: FALSE | F78: FALSE | G78: FALSE | H78: FALSE | I78: FALSE | K78: =J78-L78 -> 0
C79: U2 | E79: FALSE | F79: FALSE | G79: FALSE | H79: FALSE | I79: FALSE | K79: =J79-L79 -> 0
... C82: T2 | E82: FALSE | F82: FALSE | G82: FALSE | H82: FALSE | I82: FALSE | K82: =J82-L82 -> 0
B83: BEACH | C83: GB | E83: FALSE | F83: FALSE | G83: FALSE | H83: FALSE | I83: FALSE | K83: =J83-L83 -> 0
C84: FB | E84: FALSE | F84: FALSE | G84: FALSE | H84: FALSE | I84: FALSE | K84: =J84-L84 -> 0
C85: EB | E85: FALSE | F85: FALSE | G85: FALSE | H85: FALSE | I85: FALSE | K85: =J85-L85 -> 0
C86: DB | E86: FALSE | F86: FALSE | G86: FALSE | H86: FALSE | I86: FALSE | K86: =J86-L86 -> 0
C87: CB | E87: FALSE | F87: FALSE | G87: FALSE | H87: FALSE | I87: FALSE | K87: =J87-L87 -> 0
C88: BB | E88: FALSE | F88: FALSE | G88: FALSE | H88: FALSE | I88: FALSE | K88: =J88-L88 -> 0
C89: AB | E89: FALSE | F89: FALSE | G89: FALSE | H89: FALSE | I89: FALSE | K89: =J89-L89 -> 0
J90: =SUM(J6:J89) -> 17485 | K90: =SUM(K6:K89) -> 7645 | L90: =SUM(L6:L89) -> 9840

Sheet ROOM NO & CLUSTERS
B2: MENU
C4: CLUSTER | D4: ROOM NO | E4: CHECK BOX | F4: SNAGGED DATE | G4: SNAGGED BY | I4: Stage 1a Completion of Operator Inspection (Pre FFE)
B5: RING | E5: FALSE | I5: TOTAL | J5: =J6+J7 -> 430
C6: A0 | D6: 92 | E6: TRUE | F6: 46078 | G6: Hafil | I6: completed | J6: =COUNTIFS(E6:E435,TRUE) -> 171
D7: 93 | E7: TRUE | F7: 46078 | G7: Thayalaraj | I7: pending | J7: =COUNTIFS(E6:E435,FALSE) -> 259 | T7: Arvind
D8: 94 | E8: TRUE | F8: 46078 | G8: Nawaf | T8: Thayalaraj
D9: 95 | E9: TRUE | F9: 46078 | G9: Tarik | T9: Abdulrahman
C10: A1 | D10: 192 | E10: TRUE | F10: 46078 | G10: Ibrar | T10: Naseer
D11: 193 | E11: TRUE | F11: 46078 | G11: Nasser | T11: M.Adel
D12: 194 | E12: TRUE | F12: 46078 | G12: Abdulrahman | T12: Tarik
D13: 195 | E13: TRUE | F13: 46078 | G13: Abdulrahman | T13: Akram
C14: A2 | D14: 270 | E14: FALSE | T14: Prasanna
D15: 271 | E15: FALSE | T15: Suresh
D16: 272 | E16: FALSE | T16: Mosab
D17: 273 | E17: FALSE | T17: Nawaf
D18: 274 | E18: FALSE | T18: Hafil
D19: 275 | E19: FALSE | T19: Ibrar
C20: A3 | D20: 360 | E20: FALSE | T20: Brigitta
D21: 361 | E21: FALSE | T21: Ahmed Abdelghany
D22: 362 | E22: FALSE | T22: Simon Gonsalves
D23: 363 | E23: FALSE | T23: Engineering team
C24: A4 | D24: 433 | E24: FALSE
D25: 434 | E25: FALSE
D26: 435 | E26: FALSE
D27: 436 | E27: FALSE
C28: B0 | D28: 84 | E28: TRUE | F28: 46113 | G28: Nasser
D29: 85 | E29: TRUE | F29: 46113 | G29: Tarik
D30: 86 | E30: TRUE | F30: 46113 | G30: Thayalaraj
D31: 87 | E31: TRUE | F31: 46113 | G31: Thayalaraj
D32: 88 | E32: TRUE | F32: 46113 | G32: Hafil
D33: 89 | E33: TRUE | F33: 46113 | G33: Hafil
D34: 90 | E34: TRUE | F34: 46113 | G34: Abdulrahman
D35: 91 | E35: TRUE | F35: 46114 | G35: Mosab
C36: B1 | D36: 184 | E36: TRUE | F36: 46113 | G36: Prasanna
D37: 185 | E37: TRUE | F37: 46113 | G37: Prasanna
D38: 186 | E38: TRUE | F38: 46113 | G38: Akram
D39: 187 | E39: TRUE | F39: 46113 | G39: Akram
D40: 188 | E40: TRUE | F40: 46113 | G40: Tarik
D41: 189 | E41: TRUE | F41: 46113 | G41: Tarik
D42: 190 | E42: TRUE | F42: 46113 | G42: Surish
D43: 191 | E43: TRUE | F43: 46113 | G43: Mosab
C44: B2 | D44: 265 | E44: FALSE
D45: 266 | E45: FALSE
D46: 267 | E46: FALSE
D47: 268 | E47: FALSE
D48: 269 | E48: FALSE
C49: B3 | D49: 355 | E49: FALSE
D50: 356 | E50: FALSE
D51: 357 | E51: FALSE
D52: 358 | E52: FALSE
D53: 359 | E53: FALSE
C54: B4 | D54: 429 | E54: FALSE
D55: 430 | E55: FALSE
D56: 431 | E56: FALSE
D57: 432 | E57: FALSE
C58: C0 | D58: 78 | E58: FALSE
D59: 79 | E59: TRUE | F59: 46119 | G59: Ibrar
D60: 80 | E60: TRUE | F60: 46119 | G60: Akram
D61: 81 | E61: TRUE | F61: 46119 | G61: Akram
D62: 82 | E62: TRUE | F62: 46119 | G62: M.Adel
D63: 83 | E63: TRUE | F63: 46119 | G63: M.Adel
C64: C1 | D64: 178 | E64: FALSE
D65: 179 | E65: TRUE | F65: 46119 | G65: Ibrar
D66: 180 | E66: TRUE | F66: 46119 | G66: Tarik
D67: 181 | E67: TRUE | F67: 46119 | G67: Tarik
D68: 182 | E68: TRUE | F68: 46119 | G68: Thayalaraj
D69: 183 | E69: TRUE | F69: 46119 | G69: Thayalaraj
C70: C2 | D70: 261 | E70: FALSE
D71: 262 | E71: FALSE
D72: 263 | E72: FALSE
D73: 264 | E73: FALSE
C74: C3 | D74: 351 | E74: FALSE
D75: 352 | E75: FALSE
D76: 353 | E76: FALSE
D77: 354 | E77: FALSE
C78: C4 | D78: 421 | E78: FALSE
D79: 422 | E79: FALSE
D80: 423 | E80: FALSE
D81: 424 | E81: FALSE
D82: 425 | E82: FALSE
D83: 426 | E83: FALSE
D84: 427 | E84: FALSE
D85: 428 | E85: FALSE
C86: D0 | D86: 71 | E86: FALSE
D87: 72 | E87: FALSE
D88: 73 | E88: FALSE
D89: 74 | E89: FALSE
D90: 75 | E90: FALSE
D91: 76 | E91: FALSE
D92: 77 | E92: FALSE
C93: D1 | D93: 171 | E93: FALSE
D94: 172 | E94: TRUE | F94: 46176 | G94: Prasanna
D95: 173 | E95: FALSE | F95: 46176 | G95: Prasanna
D96: 174 | E96: FALSE | F96: 46176 | G96: Ibrar
D97: 175 | E97: FALSE | F97: 46176 | G97: Akram
D98: 176 | E98: FALSE | F98: 46176 | G98: Tarik
D99: 177 | E99: FALSE
C100: D2 | D100: 257 | E100: FALSE
D101: 258 | E101: FALSE
D102: 259 | E102: FALSE
...

Sheet CAFE MAUDE
B2: MENU
C7: SNAGGED DATE | D7: SNAGGED BY | E7: AREA Aconex name | F7: ROOM NO | G7: ROOM NAME | H7: Stage 1a Completion of Operator Inspection (Pre FFE) | I7: Stage 1b Completion of De-Snagging and close out operator Comments/Deep Cleaning | J7: Completion of FF&E installation | K7: Stage 2a Completion of Operator Inspection (Post FFE) | L7: Stage 2b Completion of De-Snagging /Sparkle Cleaning and handover | M7: Total Snag Raised | N7: Total Snag Open | O7: Total Snag Closed | S7: Arvind
E8: GOURMET BISTRO CAFÉ | F8: 03-001 | G8: GOURMET BISTRO TERRACE DINING SEATS | H8: FALSE | I8: FALSE | J8: FALSE | K8: FALSE | L8: FALSE
E9: GOURMET BISTRO CAFÉ | F9: 03-003 | G9: GOURMET BISTRO DINING | H9: FALSE | I9: FALSE | J9: FALSE | K9: FALSE | L9: FALSE
E10: GOURMET BISTRO CAFÉ | F10: 03-005 | G10: COUNTER | H10: FALSE | I10: FALSE | J10: FALSE | K10: FALSE | L10: FALSE
E11: GOURMET BISTRO CAFÉ | F11: 03-007 | G11: FOOD PICK UP | H11: FALSE | I11: FALSE | J11: FALSE | K11: FALSE | L11: FALSE
E12: GOURMET BISTRO CAFÉ | F12: 03-009 | G12: HOT FOOD PRODUCTION | H12: FALSE | I12: FALSE | J12: FALSE | K12: FALSE | L12: FALSE
E13: GOURMET BISTRO CAFÉ | F13: 03-012 | G13: DRY STORAGE | H13: FALSE | I13: FALSE | J13: FALSE | K13: FALSE | L13: FALSE
E14: GOURMET BISTRO CAFÉ | F14: 03-014 | G14: DISH WASHING | H14: FALSE | I14: FALSE | J14: FALSE | K14: FALSE | L14: FALSE
E15: GOURMET BISTRO CAFÉ | F15: 03-017 | G15: LOBBY | H15: FALSE | I15: FALSE | J15: FALSE | K15: FALSE | L15: FALSE
E16: GOURMET BISTRO CAFÉ | F16: 03-023 | G16: TOILET | H16: FALSE | I16: FALSE | J16: FALSE | K16: FALSE | L16: FALSE
E17: GOURMET BISTRO CAFÉ | F17: 03-025 | G17: H.C. TOILET | H17: FALSE | I17: FALSE | J17: FALSE | K17: FALSE | L17: FALSE
E18: GOURMET BISTRO CAFÉ | F18: 03-027 | G18: COUNTER | H18: FALSE | I18: FALSE | J18: FALSE | K18: FALSE | L18: FALSE
M19: =SUM(M8:M18) -> 0 | N19: =SUM(N8:N18) -> 0 | O19: =SUM(O8:O18) -> 0

Sheet 5th Floor
B2: MENU
B5: SNAGGED DATE | C5: SNAGGED BY | D5: AREA | E5: ROOM NO | F5: ROOM NAME | G5: Stage 1a Completion of Operator Inspection (Pre FFE) | H5: Stage 1b Completion of De-Snagging and close out operator Comments/Deep Cleaning | I5: Completion of FF&E installation | J5: Stage 2a Completion of Operator Inspection (Post FFE) | K5: Stage 2b Completion of De-Snagging /Sparkle Cleaning and handover | L5: Total Snag Raised | M5: Total Snag Open | N5: Total Snag Closed
D6: Level 05 - ALL DAY DINING, SPECIALITY RESTAURANT-2, CLUB LOUNGE, SUNSET BAR | E6: 05-001 | F6: GUEST LOBBY | G6: FALSE | H6: FALSE | I6: FALSE | J6: FALSE | K6: FALSE
D7: Level 05 - ALL DAY DINING, SPECIALITY RESTAURANT-2, CLUB LOUNGE, SUNSET BAR | E7: 05-003 | F7: F&B-1(EL TAKOY) | G7: FALSE | H7: FALSE | I7: FALSE | J7: FALSE | K7: FALSE | S7: Arvind
D8: Level 05 - ALL DAY DINING, SPECIALITY RESTAURANT-2, CLUB LOUNGE, SUNSET BAR | E8: 05-005 | F8: F&B-1 PANTRY | G8: FALSE | H8: FALSE | I8: FALSE | J8: FALSE | K8: FALSE | S8: Thayalaraj
D9: Level 05 - ALL DAY DINING, SPECIALITY RESTAURANT-2, CLUB LOUNGE, SUNSET BAR | E9: 05-006 | F9: DISH & GLASS COLLATE | G9: FALSE | H9: FALSE | I9: FALSE | J9: FALSE | K9: FALSE | S9: Abdulrahman
D10: Level 05 - ALL DAY DINING, SPECIALITY RESTAURANT-2, CLUB LOUNGE, SUNSET BAR | E10: 05-008 | F10: TOILET-MALE | G10: FALSE | H10: FALSE | I10: FALSE | J10: FALSE | K10: FALSE | S10: Naseer
D11: Level 05 - ALL DAY DINING, SPECIALITY RESTAURANT-2, CLUB LOUNGE, SUNSET BAR | E11: 05-010 | F11: DISABLE TOILET | G11: FALSE | H11: FALSE | I11: FALSE | J11: FALSE | K11: FALSE | S11: M.Adel
D12: Level 05 - ALL DAY DINING, SPECIALITY RESTAURANT-2, CLUB LOUNGE, SUNSET BAR | E12: 05-011a | F12: ELEC. CL. | G12: FALSE | H12: FALSE | I12: FALSE | J12: FALSE | K12: FALSE | S12: Tarik
D13: Level 05 - ALL DAY DINING, SPECIALITY RESTAURANT-2, CLUB LOUNGE, SUNSET BAR | E13: 05-013 | F13: CIRCULATION - SR2 | G13: FALSE | H13: FALSE | I13: FALSE | J13: FALSE | K13: FALSE | S13: Akram
D14: Level 05 - ALL DAY DINING, SPECIALITY RESTAURANT-2, CLUB LOUNGE, SUNSET BAR | E14: 05-015 | F14: SERVICE STATIONS EXTERNAL 01 | G14: FALSE | H14: FALSE | I14: FALSE | J14: FALSE | K14: FALSE | S14: Prasanna
D15: Level 05 - ALL DAY DINING, SPECIALITY RESTAURANT-2, CLUB LOUNGE, SUNSET BAR | E15: 05-017 | F15: SPECIALITY RESTAURANT-2 TERRACE DINING SEATS(AKIRA BACK BBQ) | G15: FALSE | H15: FALSE | I15: FALSE | J15: FALSE | K15: FALSE | S15: Suresh
D16: Level 05 - ALL DAY DINING, SPECIALITY RESTAURANT-2, CLUB LOUNGE, SUNSET BAR | E16: 05-019 | F16: CIRCULATION - SR2 | G16: FALSE | H16: FALSE | I16: FALSE | J16: FALSE | K16: FALSE | S16: Mosab
D17: Level 05 - ALL DAY DINING, SPECIALITY RESTAURANT-2, CLUB LOUNGE, SUNSET BAR | E17: 05-022 | F17: TOILET-MALE | G17: FALSE | H17: FALSE | I17: FALSE | J17: FALSE | K17: FALSE | S17: Nawaf
D18: Level 05 - ALL DAY DINING, SPECIALITY RESTAURANT-2, CLUB LOUNGE, SUNSET BAR | E18: 05-024 | F18: JANITOR | G18: FALSE | H18: FALSE | I18: FALSE | J18: FALSE | K18: FALSE | S18: Hafil
... D22: Level 05 - ALL DAY DINING, SPECIALITY RESTAURANT-2, CLUB LOUNGE, SUNSET BAR | E22: 05-030 | F22: COLD AND DESSERTS KITCHEN | G22: FALSE | H22: FALSE | I22: FALSE | J22: FALSE | K22: FALSE | S22: Simon Gonsalves
D23: Level 05 - ALL DAY DINING, SPECIALITY RESTAURANT-2, CLUB LOUNGE, SUNSET BAR | E23: 05-032 | F23: CIRCULATION | G23: FALSE | H23: FALSE | I23: FALSE | J23: FALSE | K23: FALSE
D24: Level 05 - ALL DAY DINING, SPECIALITY RESTAURANT-2, CLUB LOUNGE, SUNSET BAR | E24: 05-035 | F24: DRY GOODS STORE | G24: FALSE | H24: FALSE | I24: FALSE | J24: FALSE | K24: FALSE
D25: Level 05 - ALL DAY DINING, SPECIALITY RESTAURANT-2, CLUB LOUNGE, SUNSET BAR | E25: 05-037 | F25: MAIN CIRCULATION | G25: FALSE | H25: FALSE | I25: FALSE | J25: FALSE | K25: FALSE
D26: Level 05 - ALL DAY DINING, SPECIALITY RESTAURANT-2, CLUB LOUNGE, SUNSET BAR | E26: 05-038 | F26: CLEANER'S STORE (DETERGENT) | G26: FALSE | H26: FALSE | I26: FALSE | J26: FALSE | K26: FALSE
D27: Level 05 - ALL DAY DINING, SPECIALITY RESTAURANT-2, CLUB LOUNGE, SUNSET BAR | E27: 05-040 | F27: BEVERAGE STORE | G27: FALSE | H27: FALSE | I27: FALSE | J27: FALSE | K27: FALSE
D28: Level 05 - ALL DAY DINING, SPECIALITY RESTAURANT-2, CLUB LOUNGE, SUNSET BAR | E28: 05-042 | F28: ELECTRICAL CABINET | G28: FALSE | H28: FALSE | I28: FALSE | J28: FALSE | K28: FALSE
D29: Level 05 - ALL DAY DINING, SPECIALITY RESTAURANT-2, CLUB LOUNGE, SUNSET BAR | E29: 05-043 | F29: CHARCOAL STORE | G29: FALSE | H29: FALSE | I29: FALSE | J29: FALSE | K29: FALSE
D30: Level 05 - ALL DAY DINING, SPECIALITY RESTAURANT-2, CLUB LOUNGE, SUNSET BAR | E30: 05-044c | F30: ELEC. CL. | G30: FALSE | H30: FALSE | I30: FALSE | J30: FALSE | K30: FALSE
D31: Level 05 - ALL DAY DINING, SPECIALITY RESTAURANT-2, CLUB LOUNGE, SUNSET BAR | E31: 05-046 | F31: BEVERAGE COLD ROOM | G31: FALSE | H31: FALSE | I31: FALSE | J31: FALSE | K31: FALSE
D32: Level 05 - ALL DAY DINING, SPECIALITY RESTAURANT-2, CLUB LOUNGE, SUNSET BAR | E32: 05-048 | F32: MEAT & POULTRY COLD ROOM | G32: FALSE | H32: FALSE | I32: FALSE | J32: FALSE | K32: FALSE
D33: Level 05 - ALL DAY DINING, SPECIALITY RESTAURANT-2, CLUB LOUNGE, SUNSET BAR | E33: 05-050 | F33: COLD ROOM | G33: FALSE | H33: FALSE | I33: FALSE | J33: FALSE | K33: FALSE
D34: Level 05 - ALL DAY DINING, SPECIALITY RESTAURANT-2, CLUB LOUNGE, SUNSET BAR | E34: 05-052 | F34: CIRCULATION | G34: FALSE | H34: FALSE | I34: FALSE | J34: FALSE | K34: FALSE
... D70: Level 06 - ALL DAY DINING, SPECIALITY RESTAURANT-2, CLUB LOUNGE, SUNSET BAR | E70: 06-037 | F70: CIRCULATION | G70: FALSE | H70: FALSE | I70: FALSE | J70: FALSE | K70: FALSE
L71: =SUM(L6:L70) -> 0 | M71: =SUM(M6:M70) -> 0 | N71: =SUM(N6:N70) -> 0

Sheet 6th Floor
B2: MENU
B5: SNAGGED DATE | C5: SNAGGED BY | D5: AREA | E5: ROOM NO | F5: ROOM NAME | G5: Stage 1a Completion of Operator Inspection (Pre FFE) | H5: Stage 1b Completion of De-Snagging and close out operator Comments/Deep Cleaning | I5: Completion of FF&E installation | J5: Stage 2a Completion of Operator Inspection (Post FFE) | K5: Stage 2b Completion of De-Snagging /Sparkle Cleaning and handover | L5: Total Snag Raised | M5: Total Snag Open | N5: Total Snag Closed
D6: Level 06 - ALL DAY DINING, SPECIALITY RESTAURANT-2, CLUB LOUNGE, SUNSET BAR | E6: 06-001 | F6: GUEST LOBBY | G6: FALSE | H6: FALSE | I6: FALSE | J6: FALSE | K6: FALSE
D7: Level 06 - ALL DAY DINING, SPECIALITY RESTAURANT-2, CLUB LOUNGE, SUNSET BAR | E7: 06-003 | F7: GRAND CLUB LOUNGE SERVERY CATERING | G7: FALSE | H7: FALSE | I7: FALSE | J7: FALSE | K7: FALSE
D8: Level 06 - ALL DAY DINING, SPECIALITY RESTAURANT-2, CLUB LOUNGE, SUNSET BAR | E8: 06-005 | F8: PRIVATE TERRACE | G8: FALSE | H8: FALSE | I8: FALSE | J8: FALSE | K8: FALSE
D9: Level 06 - ALL DAY DINING, SPECIALITY RESTAURANT-2, CLUB LOUNGE, SUNSET BAR | E9: 06-006 | F9: GRAND CLUB LOUNGE PANTRY | G9: FALSE | H9: FALSE | I9: FALSE | J9: FALSE | K9: FALSE
D10: Level 06 - ALL DAY DINING, SPECIALITY RESTAURANT-2, CLUB LOUNGE, SUNSET BAR | E10: 06-007c | F10: ELEC. CL. | G10: FALSE | H10: FALSE | I10: FALSE | J10: FALSE | K10: FALSE
D11: Level 06 - ALL DAY DINING, SPECIALITY RESTAURANT-2, CLUB LOUNGE, SUNSET BAR | E11: 06-009 | F11: TOILET - FEMALE | G11: FALSE | H11: FALSE | I11: FALSE | J11: FALSE | K11: FALSE
D12: Level 06 - ALL DAY DINING, SPECIALITY RESTAURANT-2, CLUB LOUNGE, SUNSET BAR | E12: 06-011 | F12: TOILET-ADA | G12: FALSE | H12: FALSE | I12: FALSE | J12: FALSE | K12: FALSE
D13: Level 06 - ALL DAY DINING, SPECIALITY RESTAURANT-2, CLUB LOUNGE, SUNSET BAR | E13: 06-014a | F13: ELECTRICAL CABINET | G13: FALSE | H13: FALSE | I13: FALSE | J13: FALSE | K13: FALSE
D14: Level 06 - ALL DAY DINING, SPECIALITY RESTAURANT-2, CLUB LOUNGE, SUNSET BAR | E14: 06-016 | F14: DUMBWAITER | G14: FALSE | H14: FALSE | I14: FALSE | J14: FALSE | K14: FALSE
D15: Level 06 - ALL DAY DINING, SPECIALITY RESTAURANT-2, CLUB LOUNGE, SUNSET BAR | E15: 06-018 | F15: BEVERAGE COLD ROOM | G15: FALSE | H15: FALSE | I15: FALSE | J15: FALSE | K15: FALSE
D16: Level 06 - ALL DAY DINING, SPECIALITY RESTAURANT-2, CLUB LOUNGE, SUNSET BAR | E16: 06-020 | F16: WARE & GLASS WASH | G16: FALSE | H16: FALSE | I16: FALSE | J16: FALSE | K16: FALSE
D17: Level 06 - ALL DAY DINING, SPECIALITY RESTAURANT-2, CLUB LOUNGE, SUNSET BAR | E17: 06-022 | F17: SERVICE CORRIDOR | G17: FALSE | H17: FALSE | I17: FALSE | J17: FALSE | K17: FALSE
... D27: Level 06 - ALL DAY DINING, SPECIALITY RESTAURANT-2, CLUB LOUNGE, SUNSET BAR | E27: 06-037 | F27: CIRCULATION | G27: FALSE | H27: FALSE | I27: FALSE | J27: FALSE | K27: FALSE
L28: =SUM(L6:L27) -> 0 | M28: =SUM(M6:M27) -> 0 | N28: =SUM(N6:N27) -> 0

Sheet LEVEL 4, 5 & 6
B2: MENU
C7: SNAGGED DATE | D7: SNAGGED BY | E7: AREA Aconex name | F7: ROOM NO | G7: ROOM NAME | H7: Stage 1a Completion of Operator Inspection (Pre FFE) | I7: Stage 1b Completion of De-Snagging and close out operator Comments/Deep Cleaning | J7: Completion of FF&E installation | K7: Stage 2a Completion of Operator Inspection (Post FFE) | L7: Stage 2b Completion of De-Snagging /Sparkle Cleaning and handover | M7: Total Snag Raised | N7: Total Snag Open | O7: Total Snag Closed | S7: Arvind
E8: ALL DAY DINING, SPECIALITY RESTAURANT-2, CLUB LOUNGE, SUNSET BAR | F8: 04-006 | G8: GUEST STAIR - 06 | H8: FALSE | I8: FALSE | J8: FALSE | K8: FALSE | L8: FALSE
E9: ALL DAY DINING, SPECIALITY RESTAURANT-2, CLUB LOUNGE, SUNSET BAR | F9: 04-010 | G9: GUEST LOBBY | H9: FALSE | I9: FALSE | J9: FALSE | K9: FALSE | L9: FALSE
E10: ALL DAY DINING, SPECIALITY RESTAURANT-2, CLUB LOUNGE, SUNSET BAR | F10: 04-012 | G10: FEMALE TOILET | H10: FALSE | I10: FALSE | J10: FALSE | K10: FALSE | L10: FALSE
E11: ALL DAY DINING, SPECIALITY RESTAURANT-2, CLUB LOUNGE, SUNSET BAR | F11: 04-012b | G11: WC-1 | H11: FALSE | I11: FALSE | J11: FALSE | K11: FALSE | L11: FALSE
E12: ALL DAY DINING, SPECIALITY RESTAURANT-2, CLUB LOUNGE, SUNSET BAR | F12: 04-012d | G12: WC-3 | H12: FALSE | I12: FALSE | J12: FALSE | K12: FALSE | L12: FALSE
E13: ALL DAY DINING, SPECIALITY RESTAURANT-2, CLUB LOUNGE, SUNSET BAR | F13: 04-012f | G13: WC-5 | H13: FALSE | I13: FALSE | J13: FALSE | K13: FALSE | L13: FALSE
E14: ALL DAY DINING, SPECIALITY RESTAURANT-2, CLUB LOUNGE, SUNSET BAR | F14: 04-013 | G14: TOILET LOBBY | H14: FALSE | I14: FALSE | J14: FALSE | K14: FALSE | L14: FALSE
E15: ALL DAY DINING, SPECIALITY RESTAURANT-2, CLUB LOUNGE, SUNSET BAR | F15: 04-016a | G15: WC-1 | H15: FALSE | I15: FALSE | J15: FALSE | K15: FALSE | L15: FALSE
E16: ALL DAY DINING, SPECIALITY RESTAURANT-2, CLUB LOUNGE, SUNSET BAR | F16: 04-016c | G16: WC-3 | H16: FALSE | I16: FALSE | J16: FALSE | K16: FALSE | L16: FALSE
E17: ALL DAY DINING, SPECIALITY RESTAURANT-2, CLUB LOUNGE, SUNSET BAR | F17: 04-016e | G17: WC-5 | H17: FALSE | I17: FALSE | J17: FALSE | K17: FALSE | L17: FALSE
E18: ALL DAY DINING, SPECIALITY RESTAURANT-2, CLUB LOUNGE, SUNSET BAR | F18: 04-016g | G18: ADA- MALE TOILET | H18: FALSE | I18: FALSE | J18: FALSE | K18: FALSE | L18: FALSE
E19: ALL DAY DINING, SPECIALITY RESTAURANT-2, CLUB LOUNGE, SUNSET BAR | F19: 04-033 | G19: PREPARATION AREA | H19: FALSE | I19: FALSE | J19: FALSE | K19: FALSE | L19: FALSE
... E21: ALL DAY DINING, SPECIALITY RESTAURANT-2, CLUB LOUNGE, SUNSET BAR | F21: 04-047a | G21: F&B-2 PANTRY | H21: FALSE | I21: FALSE | J21: FALSE | K21: FALSE | L21: FALSE
M22: =SUM(M8:M21) -> 0 | N22: =SUM(N8:N21) -> 0 | O22: =SUM(O8:O21) -> 0

Sheet EMBERS
B2: MENU
C7: SNAGGED DATE | D7: SNAGGED BY | E7: AREA Aconex name | F7: ROOM NO | G7: ROOM NAME | H7: Stage 1a Completion of Operator Inspection (Pre FFE) | I7: Stage 1b Completion of De-Snagging and close out operator Comments/Deep Cleaning | J7: Completion of FF&E installation | K7: Stage 2a Completion of Operator Inspection (Post FFE) | L7: Stage 2b Completion of De-Snagging /Sparkle Cleaning and handover | M7: Total Snag Raised | N7: Total Snag Open | O7: Total Snag Closed | S7: Arvind

Sheet AMALFI POOL
B2: MENU
C7: SNAGGED DATE | D7: SNAGGED BY | E7: AREA Aconex name | F7: ROOM NO | G7: ROOM NAME | H7: Stage 1a Completion of Operator Inspection (Pre FFE) | I7: Stage 1b Completion of De-Snagging and close out operator Comments/Deep Cleaning | J7: Completion of FF&E installation | K7: Stage 2a Completion of Operator Inspection (Post FFE) | L7: Stage 2b Completion of De-Snagging /Sparkle Cleaning and handover | M7: Total Snag Raised | N7: Total Snag Open | O7: Total Snag Closed | S7: Arvind

Sheet RECREATION DRIFT POOLBAR & GRIL
B2: MENU
C7: SNAGGED DATE | D7: SNAGGED BY | E7: AREA Aconex name | F7: ROOM NO | G7: ROOM NAME | H7: Stage 1a Completion of Operator Inspection (Pre FFE) | I7: Stage 1b Completion of De-Snagging and close out operator Comments/Deep Cleaning | J7: Completion of FF&E installation | K7: Stage 2a Completion of Operator Inspection (Post FFE) | L7: Stage 2b Completion of De-Snagging /Sparkle Cleaning and handover | M7: Total Snag Raised | N7: Total Snag Open | O7: Total Snag Closed | S7: Arvind

Sheet SPA & Fitness
B2: MENU
C7: SNAGGED DATE | D7: SNAGGED BY | E7: AREA Aconex name | F7: ROOM NO | G7: ROOM NAME | H7: Stage 1a Completion of Operator Inspection (Pre FFE) | I7: Stage 1b Completion of De-Snagging and close out operator Comments/Deep Cleaning | J7: Completion of FF&E installation | K7: Stage 2a Completion of Operator Inspection (Post FFE) | L7: Stage 2b Completion of De-Snagging /Sparkle Cleaning and handover | M7: Total Snag Raised | N7: Total Snag Open | O7: Total Snag Closed | S7: Arvind
E8: FITNESS LEVEL | F8: 01-001 | G8: RECEPTION | H8: FALSE | I8: FALSE | J8: FALSE | K8: FALSE | L8: FALSE | S8: Thayalaraj
E9: FITNESS LEVEL | F9: 01-003 | G9: STORE | H9: FALSE | I9: FALSE | J9: FALSE | K9: FALSE | L9: FALSE | S9: Abdulrahman
E10: FITNESS LEVEL | F10: 01-005 | G10: CIRCULATION | H10: FALSE | I10: FALSE | J10: FALSE | K10: FALSE | L10: FALSE | S10: Naseer
E11: FITNESS LEVEL | F11: 01-007 | G11: MALE CHANGING | H11: FALSE | I11: FALSE | J11: FALSE | K11: FALSE | L11: FALSE | S11: M.Adel
E12: FITNESS LEVEL | F12: 01-009 | G12: TOILET | H12: FALSE | I12: FALSE | J12: FALSE | K12: FALSE | L12: FALSE | S12: Tarik
E13: FITNESS LEVEL | F13: 01-011 | G13: SHOWER | H13: FALSE | I13: FALSE | J13: FALSE | K13: FALSE | L13: FALSE | S13: Akram
E14: FITNESS LEVEL | F14: 01-013 | G14: W.C | H14: FALSE | I14: FALSE | J14: FALSE | K14: FALSE | L14: FALSE | S14: Prasanna
E15: FITNESS LEVEL | F15: 01-015 | G15: SHOWER | H15: FALSE | I15: FALSE | J15: FALSE | K15: FALSE | L15: FALSE | S15: Suresh
E16: FITNESS LEVEL | F16: 01-017 | G16: W.C | H16: FALSE | I16: FALSE | J16: FALSE | K16: FALSE | L16: FALSE | S16: Mosab
E17: FITNESS LEVEL | F17: 01-019 | G17: W.C | H17: FALSE | I17: FALSE | J17: FALSE | K17: FALSE | L17: FALSE | S17: Nawaf
E18: FITNESS LEVEL | F18: 01-021 | G18: FEMALE CHANGING | H18: FALSE | I18: FALSE | J18: FALSE | K18: FALSE | L18: FALSE | S18: Hafil
E19: FITNESS LEVEL | F19: 01-023 | G19: SHOWER | H19: FALSE | I19: FALSE | J19: FALSE | K19: FALSE | L19: FALSE | S19: Ibrar
... E22: FITNESS LEVEL | F22: 01-029 | G22: ELECTRICAL ROOM | H22: FALSE | I22: FALSE | J22: FALSE | K22: FALSE | L22: FALSE | S22: Simon Gonsalves
E23: FITNESS LEVEL | F23: 01-031 | G23: LAP POOL | H23: FALSE | I23: FALSE | J23: FALSE | K23: FALSE | L23: FALSE
E24: FITNESS LEVEL | F24: 01-033 | G24: CIRCULATION EXTERNAL | H24: FALSE | I24: FALSE | J24: FALSE | K24: FALSE | L24: FALSE
E25: FITNESS LEVEL | F25: 01-035 | G25: CARDIOVASCULAR EXERCISE | H25: FALSE | I25: FALSE | J25: FALSE | K25: FALSE | L25: FALSE
E26: FITNESS LEVEL | F26: 01-037 | G26: STRETCH/LOW IMPACT | H26: FALSE | I26: FALSE | J26: FALSE | K26: FALSE | L26: FALSE
E27: FITNESS LEVEL | F27: 01-039 | G27: AHU ROOM | H27: FALSE | I27: FALSE | J27: FALSE | K27: FALSE | L27: FALSE
E28: FITNESS LEVEL | F28: 01-041 | G28: ELV | H28: FALSE | I28: FALSE | J28: FALSE | K28: FALSE | L28: FALSE
E29: FITNESS LEVEL | F29: 01-043 | G29: CIRCULATION | H29: FALSE | I29: FALSE | J29: FALSE | K29: FALSE | L29: FALSE
E30: FITNESS LEVEL | F30: 01-045 | G30: OUTDOOR VITALITY POOL BALANCE TANK | H30: FALSE | I30: FALSE | J30: FALSE | K30: FALSE | L30: FALSE
E31: FITNESS LEVEL | F31: 01-047 | G31: VITALITY POOL L1 PLANT ROOM | H31: FALSE | I31: FALSE | J31: FALSE | K31: FALSE | L31: FALSE
E32: Level 02 - SPA | F32: 02-001 | G32: LOBBY | H32: FALSE | I32: FALSE | J32: FALSE | K32: FALSE | L32: FALSE
E33: Level 02 - SPA | F33: 02-003 | G33: LIFT | H33: FALSE | I33: FALSE | J33: FALSE | K33: FALSE | L33: FALSE
E34: Level 02 - SPA | F34: 02-005 | G34: DOUBLE TREATMENT-2 | H34: FALSE | I34: FALSE | J34: FALSE | K34: FALSE | L34: FALSE
... E87: Level 02 - SPA | F87: 02-138 | G87: WC | H87: FALSE | I87: FALSE | J87: FALSE | K87: FALSE | L87: FALSE
M88: =SUM(M8:M87) -> 0 | N88: =SUM(N8:N87) -> 0 | O88: =SUM(O8:O87) -> 0

Sheet MICE AREA
B2: MENU
C7: SNAGGED DATE | D7: SNAGGED BY | E7: AREA Aconex name | F7: ROOM NO | G7: ROOM NAME | H7: Stage 1a Completion of Operator Inspection (Pre FFE) | I7: Stage 1b Completion of De-Snagging and close out operator Comments/Deep Cleaning | J7: Completion of FF&E installation | K7: Stage 2a Completion of Operator Inspection (Post FFE) | L7: Stage 2b Completion of De-Snagging /Sparkle Cleaning and handover | M7: Total Snag Raised | N7: Total Snag Open | O7: Total Snag Closed | S7: Arvind
E8: LEVEL 01 - MICE | F8: 01-007 | G8: BUSINESS LOUNGE/DISPLAY KITCHEN | H8: FALSE | I8: FALSE | J8: FALSE | K8: FALSE | L8: FALSE
E9: LEVEL 01 - MICE | F9: 01-008A | G9: JANITOR | H9: FALSE | I9: FALSE | J9: FALSE | K9: FALSE | L9: FALSE
E10: LEVEL 01 - MICE | F10: 01-010 | G10: BOARDROOM 2 | H10: FALSE | I10: FALSE | J10: FALSE | K10: FALSE | L10: FALSE
E11: LEVEL 01 - MICE | F11: 01-012 | G11: MEETING ROOM PREFUNCTION AREA/LOBBY | H11: FALSE | I11: FALSE | J11: FALSE | K11: FALSE | L11: FALSE
E12: LEVEL 01 - MICE | F12: 01-014 | G12: BOARDROOM 1 | H12: FALSE | I12: FALSE | J12: FALSE | K12: FALSE | L12: FALSE
E13: LEVEL 01 - MICE | F13: 01-016 | G13: GUEST STAIR - 01 | H13: FALSE | I13: FALSE | J13: FALSE | K13: FALSE | L13: FALSE
E14: LEVEL 01 - MICE | F14: 01-018 | G14: CIRCULATION | H14: FALSE | I14: FALSE | J14: FALSE | K14: FALSE | L14: FALSE
E15: LEVEL 01 - MICE | F15: 01-020 | G15: MEP CR ROOM | H15: FALSE | I15: FALSE | J15: FALSE | K15: FALSE | L15: FALSE
E16: LEVEL 01 - MICE | F16: 01-021A | G16: JANITOR | H16: FALSE | I16: FALSE | J16: FALSE | K16: FALSE | L16: FALSE
E17: LEVEL 01 - MICE | F17: 01-023 | G17: FEMALE ABLUTION ROOM | H17: FALSE | I17: FALSE | J17: FALSE | K17: FALSE | L17: FALSE
E18: LEVEL 01 - MICE | F18: 01-025 | G18: MALE ABLUTION ROOM | H18: FALSE | I18: FALSE | J18: FALSE | K18: FALSE | L18: FALSE
E19: LEVEL 01 - MICE | F19: 01-027 | G19: CIRCULATION | H19: FALSE | I19: FALSE | J19: FALSE | K19: FALSE | L19: FALSE
... E33: Level 02 - MICE | F33: 02-018 | G33: GUEST LIFT LOBBY | H33: FALSE | I33: FALSE | J33: FALSE | K33: FALSE | L33: FALSE
M34: =SUM(M8:M33) -> 0 | N34: =SUM(N8:N33) -> 0 | O34: =SUM(O8:O33) -> 0

Sheet ARRIVAL (RECEPTION)
B2: MENU
C7: SNAGGED DATE | D7: SNAGGED BY | E7: AREA Aconex name | F7: ROOM NO | G7: ROOM NAME | H7: Stage 1a Completion of Operator Inspection (Pre FFE) | I7: Stage 1b Completion of De-Snagging and close out operator Comments/Deep Cleaning | J7: Completion of FF&E installation | K7: Stage 2a Completion of Operator Inspection (Post FFE) | L7: Stage 2b Completion of De-Snagging /Sparkle Cleaning and handover | M7: Total Snag Raised | N7: Total Snag Open | O7: Total Snag Closed | S7: Arvind

Sheet FUNICULAR
B2: MENU
C7: SNAGGED DATE | D7: SNAGGED BY | E7: AREA Aconex name | F7: ROOM NO | G7: ROOM NAME | H7: Stage 1a Completion of Operator Inspection (Pre FFE) | I7: Stage 1b Completion of De-Snagging and close out operator Comments/Deep Cleaning | J7: Completion of FF&E installation | K7: Stage 2a Completion of Operator Inspection (Post FFE) | L7: Stage 2b Completion of De-Snagging /Sparkle Cleaning and handover | M7: Total Snag Raised | N7: Total Snag Open | O7: Total Snag Closed | S7: Arvind

Sheet Stand Alone Building 
B2: MENU
C7: SNAGGED DATE | D7: SNAGGED BY | E7: AREA Aconex name | F7: ROOM NO | G7: ROOM NAME | H7: Stage 1a Completion of Operator Inspection (Pre FFE) | I7: Stage 1b Completion of De-Snagging and close out operator Comments/Deep Cleaning | J7: Completion of FF&E installation | K7: Stage 2a Completion of Operator Inspection (Post FFE) | L7: Stage 2b Completion of De-Snagging /Sparkle Cleaning and handover | M7: Total Snag Raised | N7: Total Snag Open | O7: Total Snag Closed | S7: Arvind
E8: FITNESS LEVEL | F8: 01-001 | G8: RECEPTION | H8: FALSE | I8: FALSE | J8: FALSE | K8: FALSE | L8: FALSE | S8: Thayalaraj
E9: FITNESS LEVEL | F9: 01-003 | G9: STORE | H9: FALSE | I9: FALSE | J9: FALSE | K9: FALSE | L9: FALSE | S9: Abdulrahman
E10: FITNESS LEVEL | F10: 01-005 | G10: CIRCULATION | H10: FALSE | I10: FALSE | J10: FALSE | K10: FALSE | L10: FALSE | S10: Naseer
E11: FITNESS LEVEL | F11: 01-007 | G11: MALE CHANGING | H11: FALSE | I11: FALSE | J11: FALSE | K11: FALSE | L11: FALSE | S11: M.Adel
E12: FITNESS LEVEL | F12: 01-009 | G12: TOILET | H12: FALSE | I12: FALSE | J12: FALSE | K12: FALSE | L12: FALSE | S12: Tarik
E13: FITNESS LEVEL | F13: 01-011 | G13: SHOWER | H13: FALSE | I13: FALSE | J13: FALSE | K13: FALSE | L13: FALSE | S13: Akram
E14: FITNESS LEVEL | F14: 01-013 | G14: W.C | H14: FALSE | I14: FALSE | J14: FALSE | K14: FALSE | L14: FALSE | S14: Prasanna
E15: FITNESS LEVEL | F15: 01-015 | G15: SHOWER | H15: FALSE | I15: FALSE | J15: FALSE | K15: FALSE | L15: FALSE | S15: Suresh
E16: FITNESS LEVEL | F16: 01-017 | G16: W.C | H16: FALSE | I16: FALSE | J16: FALSE | K16: FALSE | L16: FALSE | S16: Mosab
E17: FITNESS LEVEL | F17: 01-019 | G17: W.C | H17: FALSE | I17: FALSE | J17: FALSE | K17: FALSE | L17: FALSE | S17: Nawaf
E18: FITNESS LEVEL | F18: 01-021 | G18: FEMALE CHANGING | H18: FALSE | I18: FALSE | J18: FALSE | K18: FALSE | L18: FALSE | S18: Hafil
E19: FITNESS LEVEL | F19: 01-023 | G19: SHOWER | H19: FALSE | I19: FALSE | J19: FALSE | K19: FALSE | L19: FALSE | S19: Ibrar
... E22: FITNESS LEVEL | F22: 01-029 | G22: ELECTRICAL ROOM | H22: FALSE | I22: FALSE | J22: FALSE | K22: FALSE | L22: FALSE | S22: Simon Gonsalves
E23: FITNESS LEVEL | F23: 01-031 | G23: LAP POOL | H23: FALSE | I23: FALSE | J23: FALSE | K23: FALSE | L23: FALSE
E24: FITNESS LEVEL | F24: 01-033 | G24: CIRCULATION EXTERNAL | H24: FALSE | I24: FALSE | J24: FALSE | K24: FALSE | L24: FALSE
E25: FITNESS LEVEL | F25: 01-035 | G25: CARDIOVASCULAR EXERCISE | H25: FALSE | I25: FALSE | J25: FALSE | K25: FALSE | L25: FALSE
E26: FITNESS LEVEL | F26: 01-037 | G26: STRETCH/LOW IMPACT | H26: FALSE | I26: FALSE | J26: FALSE | K26: FALSE | L26: FALSE
E27: FITNESS LEVEL | F27: 01-039 | G27: AHU ROOM | H27: FALSE | I27: FALSE | J27: FALSE | K27: FALSE | L27: FALSE
E28: FITNESS LEVEL | F28: 01-041 | G28: ELV | H28: FALSE | I28: FALSE | J28: FALSE | K28: FALSE | L28: FALSE
E29: FITNESS LEVEL | F29: 01-043 | G29: CIRCULATION | H29: FALSE | I29: FALSE | J29: FALSE | K29: FALSE | L29: FALSE
E30: FITNESS LEVEL | F30: 01-045 | G30: OUTDOOR VITALITY POOL BALANCE TANK | H30: FALSE | I30: FALSE | J30: FALSE | K30: FALSE | L30: FALSE
E31: FITNESS LEVEL | F31: 01-047 | G31: VITALITY POOL L1 PLANT ROOM | H31: FALSE | I31: FALSE | J31: FALSE | K31: FALSE | L31: FALSE
E32: LEVEL 01 - MICE | F32: 01-004 | G32: AV CONTROL ROOM | H32: FALSE | I32: FALSE | J32: FALSE | K32: FALSE | L32: FALSE
E33: LEVEL 01 - MICE | F33: 01-006 | G33: MALE GUEST TOILETS | H33: FALSE | I33: FALSE | J33: FALSE | K33: FALSE | L33: FALSE
E34: LEVEL 01 - MICE | F34: 01-007 | G34: BUSINESS LOUNGE/DISPLAY KITCHEN | H34: FALSE | I34: FALSE | J34: FALSE | K34: FALSE | L34: FALSE
... E140: ALL DAY DINING, SPECIALITY RESTAURANT-2, CLUB LOUNGE, SUNSET BAR | F140: 04-047a | G140: F&B-2 PANTRY | H140: FALSE | I140: FALSE | J140: FALSE | K140: FALSE | L140: FALSE
M141: =SUM(M8:M140) -> 0 | N141: =SUM(N8:N140) -> 0 | O141: =SUM(O8:O140) -> 0

Sheet Kitchen and Storage
B2: MENU
C4: Area | D4: Room Number on Aconex | E4: Stage 1a Completion of Operator Inspection (Pre FFE) | F4: Stage 1b Completion of De-Snagging and close out operator Comments/Deep Cleaning | G4: Completion of FF&E installation | H4: Stage 2a Completion of Operator Inspection (Post FFE) | I4: Stage 2b Completion of De-Snagging /Sparkle Cleaning and handover | J4: Total Snag Raised | K4: Total Snag Open | L4: Total Snag Closed
C5: Bakery | D5: 28 | E5: FALSE | F5: FALSE | G5: FALSE | H5: FALSE | J5: 92 | K5: 88 | L5: 4
E6: FALSE | F6: FALSE | G6: FALSE | H6: FALSE
E7: FALSE | F7: FALSE | G7: FALSE | H7: FALSE
E8: FALSE | F8: FALSE | G8: FALSE | H8: FALSE
E9: FALSE | F9: FALSE | G9: FALSE | H9: FALSE
E10: FALSE | F10: FALSE | G10: FALSE | H10: FALSE
E11: FALSE | F11: FALSE | G11: FALSE | H11: FALSE
E12: FALSE | F12: FALSE | G12: FALSE | H12: FALSE
E13: FALSE | F13: FALSE | G13: FALSE | H13: FALSE
E14: FALSE | F14: FALSE | G14: FALSE | H14: FALSE
E15: FALSE | F15: FALSE | G15: FALSE | H15: FALSE
E16: FALSE | F16: FALSE | G16: FALSE | H16: FALSE
E17: FALSE | F17: FALSE | G17: FALSE | H17: FALSE
... E27: FALSE | F27: FALSE | G27: FALSE | H27: FALSE
